-- phpMyAdmin SQL Dump
-- version 4.9.0.1
-- https://www.phpmyadmin.net/
--
-- Host: 127.0.0.1
-- Generation Time: Jul 12, 2020 at 04:14 AM
-- Server version: 10.3.16-MariaDB
-- PHP Version: 7.3.7

SET SQL_MODE = "NO_AUTO_VALUE_ON_ZERO";
SET AUTOCOMMIT = 0;
START TRANSACTION;
SET time_zone = "+00:00";


/*!40101 SET @OLD_CHARACTER_SET_CLIENT=@@CHARACTER_SET_CLIENT */;
/*!40101 SET @OLD_CHARACTER_SET_RESULTS=@@CHARACTER_SET_RESULTS */;
/*!40101 SET @OLD_COLLATION_CONNECTION=@@COLLATION_CONNECTION */;
/*!40101 SET NAMES utf8mb4 */;

--
-- Database: `db_bos`
--

-- --------------------------------------------------------

--
-- Table structure for table `barangs`
--

CREATE TABLE `barangs` (
  `id` bigint(20) UNSIGNED NOT NULL,
  `tahap_id` bigint(20) UNSIGNED NOT NULL,
  `barang` varchar(255) COLLATE utf8mb4_unicode_ci NOT NULL,
  `satuan` varchar(255) COLLATE utf8mb4_unicode_ci NOT NULL,
  `harga` int(11) NOT NULL,
  `created_at` timestamp NULL DEFAULT NULL,
  `updated_at` timestamp NULL DEFAULT NULL,
  `toko_id` bigint(20) UNSIGNED NOT NULL
) ENGINE=InnoDB DEFAULT CHARSET=utf8mb4 COLLATE=utf8mb4_unicode_ci;

--
-- Dumping data for table `barangs`
--

INSERT INTO `barangs` (`id`, `tahap_id`, `barang`, `satuan`, `harga`, `created_at`, `updated_at`, `toko_id`) VALUES
(1, 1, 'Alkohol 1L 70', 'Btl', 20000, '2020-07-11 05:00:10', '2020-07-11 05:00:10', 1),
(2, 1, 'Alkohol 1L 96', 'Btl', 25000, '2020-07-11 05:00:10', '2020-07-11 05:00:10', 1),
(3, 1, 'Anonium Chioride', 'Btl', 275000, '2020-07-11 05:00:10', '2020-07-11 05:00:10', 1),
(4, 1, 'Bunsen', 'Pak', 45000, '2020-07-11 05:00:10', '2020-07-11 05:00:10', 1),
(5, 1, 'Glecerin', 'Btl', 97000, '2020-07-11 05:00:10', '2020-07-11 05:00:10', 1),
(6, 1, 'Glukosa', 'Btl', 169000, '2020-07-11 05:00:10', '2020-07-11 05:00:10', 1),
(7, 1, 'Kertas Lakmus', 'Pak', 180000, '2020-07-11 05:00:10', '2020-07-11 05:00:10', 1),
(8, 1, 'Larutan NAOH', 'Btl', 905000, '2020-07-11 05:00:10', '2020-07-11 05:00:10', 1),
(9, 1, 'Spatula', 'Pak', 35000, '2020-07-11 05:00:10', '2020-07-11 05:00:10', 1),
(10, 1, 'Crown Cps Penyemprot Elektrik', 'Unit', 819000, '2020-07-11 05:00:10', '2020-07-11 05:00:10', 2),
(11, 1, 'Hand Sanitiser ( Cuci Tangan ) 500 Ml', 'Pak', 1656700, '2020-07-11 05:00:10', '2020-07-11 05:00:10', 2),
(12, 1, 'Masker Woven 2 Lapis S.100', 'Pak', 534000, '2020-07-11 05:00:10', '2020-07-11 05:00:10', 2),
(13, 1, 'Sparki Hand Sanittiser 5 Ltr', 'Btl', 679900, '2020-07-11 05:00:10', '2020-07-11 05:00:10', 2),
(14, 1, 'Thermo Gun (Mengukur Suhu Badan)', 'Unit', 1100000, '2020-07-11 05:00:10', '2020-07-11 05:00:10', 3),
(15, 1, 'Buku Gambar Tg', 'Pcs', 6500, '2020-07-11 05:00:10', '2020-07-11 05:00:10', 4),
(16, 1, 'Crayon', 'ktk', 11000, '2020-07-11 05:00:10', '2020-07-11 05:00:10', 4),
(17, 1, 'Kuas Kc No.9', 'Lsn', 32000, '2020-07-11 05:00:10', '2020-07-11 05:00:10', 4),
(18, 1, 'Spidol warna', 'Lsn', 12000, '2020-07-11 05:00:10', '2020-07-11 05:00:10', 4),
(19, 1, 'Wadah Cat Air', 'Lsn', 18000, '2020-07-11 05:00:10', '2020-07-11 05:00:10', 4),
(20, 1, 'Hapifi Upah 11/02 s/d 16/02/2019', 'Hr', 75000, '2020-07-11 05:00:10', '2020-07-11 05:00:10', 5),
(21, 1, 'Juan Upah 11/02 s/d 16/02/2019', 'Hr', 75000, '2020-07-11 05:00:10', '2020-07-11 05:00:10', 5),
(22, 1, 'Bayar Bata', 'Pcs', 420, '2020-07-11 05:00:10', '2020-07-11 05:00:10', 6),
(23, 1, 'Bayar Pasir', 'D/Truk', 700000, '2020-07-11 05:00:10', '2020-07-11 05:00:10', 6),
(24, 1, 'Genteng MT', 'Pcs', 850, '2020-07-11 05:00:10', '2020-07-11 05:00:10', 6),
(25, 1, 'Box File', 'Pcs', 23000, '2020-07-11 05:00:10', '2020-07-11 05:00:10', 7),
(26, 1, 'Cutter', 'Pcs', 9500, '2020-07-11 05:00:10', '2020-07-11 05:00:10', 7),
(27, 1, 'Gunting', 'Pcs', 7500, '2020-07-11 05:00:10', '2020-07-11 05:00:10', 7),
(28, 1, 'Kertas HVS 70 Gr Sd', 'Rim', 47000, '2020-07-11 05:00:10', '2020-07-11 05:00:10', 7),
(29, 1, 'Kertas HVS A4 Sd', 'Rim', 45000, '2020-07-11 05:00:10', '2020-07-11 05:00:10', 7),
(30, 1, 'Pen Stand 9133', 'Pcs', 27000, '2020-07-11 05:00:10', '2020-07-11 05:00:10', 7),
(31, 1, 'Pen Standar E777', 'Pcs', 1500, '2020-07-11 05:00:10', '2020-07-11 05:00:10', 7),
(32, 1, 'Penghapus 2B Steadler', 'Pcs', 1500, '2020-07-11 05:00:10', '2020-07-11 05:00:10', 7),
(33, 1, 'Pensil 2B Steadler', 'Pcs', 2500, '2020-07-11 05:00:10', '2020-07-11 05:00:10', 7),
(34, 1, 'Stepler Kecil', 'Pcs', 12000, '2020-07-11 05:00:10', '2020-07-11 05:00:10', 7),
(35, 1, 'Stepler Sedang', 'Pcs', 16000, '2020-07-11 05:00:10', '2020-07-11 05:00:10', 7),
(36, 1, 'Verperator Punch 40', 'Pcs', 17500, '2020-07-11 05:00:10', '2020-07-11 05:00:10', 7),
(37, 1, 'Kasau 5x5x2', 'Ikat', 125000, '2020-07-11 05:00:10', '2020-07-11 05:00:10', 8),
(38, 1, 'Ring 2x3x3', 'Ikat', 90000, '2020-07-11 05:00:10', '2020-07-11 05:00:10', 8),
(39, 1, 'Kertas Bufalo', 'Pak', 25000, '2020-07-11 05:00:10', '2020-07-11 05:00:10', 9),
(40, 1, 'Map Folio Snelhecter Plastik', 'Lsn', 45000, '2020-07-11 05:00:10', '2020-07-11 05:00:10', 9),
(41, 1, 'Map Folio Snelhecter Transparan', 'Lsn', 32000, '2020-07-11 05:00:10', '2020-07-11 05:00:10', 9),
(42, 1, 'Plastik Mica Film', 'Pak', 22000, '2020-07-11 05:00:10', '2020-07-11 05:00:10', 9),
(43, 1, 'Amplop Bertali', 'Ls', 30000, '2020-07-11 05:00:10', '2020-07-11 05:00:10', 10),
(44, 1, 'Amplop Coklat', 'Pak', 15000, '2020-07-11 05:00:10', '2020-07-11 05:00:10', 10),
(45, 1, 'Binder Clip Hitam ( 3 Size )', 'Pak', 6000, '2020-07-11 05:00:10', '2020-07-11 05:00:10', 10),
(46, 1, 'Box CD 1 Muka S.10', 'Pak', 28000, '2020-07-11 05:00:10', '2020-07-11 05:00:10', 10),
(47, 1, 'Box CD 2 Muka S.11', 'Pak', 32000, '2020-07-11 05:00:10', '2020-07-11 05:00:10', 10),
(48, 1, 'Buku Agenda', 'Pak', 4500, '2020-07-11 05:00:10', '2020-07-11 05:00:10', 10),
(49, 1, 'Buku Tulis Bigbos', 'Pak', 38000, '2020-07-11 05:00:10', '2020-07-11 05:00:10', 10),
(50, 1, 'Buku Tulis Sd Folio S.50', 'Pcs', 9500, '2020-07-11 05:00:10', '2020-07-11 05:00:10', 10),
(51, 1, 'Buku Tulis Sd Folio.100', 'Pcs', 13500, '2020-07-11 05:00:10', '2020-07-11 05:00:10', 10),
(52, 1, 'Buku Tulis Sidu S.58', 'Pak', 36000, '2020-07-11 05:00:10', '2020-07-11 05:00:10', 10),
(53, 1, 'Cutter', 'Pcs', 14000, '2020-07-11 05:00:10', '2020-07-11 05:00:10', 10),
(54, 1, 'DVD-RW Blanc S.50', 'Pak', 110000, '2020-07-11 05:00:10', '2020-07-11 05:00:10', 10),
(55, 1, 'File Dokumen plastik Transparan', 'ls', 32000, '2020-07-11 05:00:10', '2020-07-11 05:00:10', 10),
(56, 1, 'Gunting', 'Bh', 7500, '2020-07-11 05:00:10', '2020-07-11 05:00:10', 10),
(57, 1, 'Gunting Sedang', 'Pcs', 7500, '2020-07-11 05:00:10', '2020-07-11 05:00:10', 10),
(58, 1, 'ID Card', 'Pcs', 4500, '2020-07-11 05:00:10', '2020-07-11 05:00:10', 10),
(59, 1, 'Isi Streples All / Size', 'Pak', 22000, '2020-07-11 05:00:10', '2020-07-11 05:00:10', 10),
(60, 1, 'Kalkulator CT 12 Digit', 'Bh', 39000, '2020-07-11 05:00:10', '2020-07-11 05:00:10', 10),
(61, 1, 'Kerta HVS 70 gr Folio', 'Rim', 47000, '2020-07-11 05:00:10', '2020-07-11 05:00:10', 10),
(62, 1, 'Kertas Bufallo', 'Pak', 23000, '2020-07-11 05:00:10', '2020-07-11 05:00:10', 10),
(63, 1, 'Kertas Cover / Label', 'Pak', 23000, '2020-07-11 05:00:10', '2020-07-11 05:00:10', 10),
(64, 1, 'Kertas Folio Bergaris S50', 'pak', 24000, '2020-07-11 05:00:10', '2020-07-11 05:00:10', 10),
(65, 1, 'Kertas HVS A4', 'Rim', 45000, '2020-07-11 05:00:10', '2020-07-11 05:00:10', 10),
(66, 1, 'Kertas HVS A4 Kwarto', 'Rim', 45000, '2020-07-11 05:00:10', '2020-07-11 05:00:10', 10),
(67, 1, 'Kertas HVS F4 Folio', 'Rim', 47000, '2020-07-11 05:00:10', '2020-07-11 05:00:10', 10),
(68, 1, 'Kertas HVS Folio Warna', 'Rim', 52000, '2020-07-11 05:00:10', '2020-07-11 05:00:10', 10),
(69, 1, 'Kertas HVS Warna', 'Rim', 55000, '2020-07-11 05:00:10', '2020-07-11 05:00:10', 10),
(70, 1, 'Kertas Inject', 'Pak', 42000, '2020-07-11 05:00:10', '2020-07-11 05:00:10', 10),
(71, 1, 'Kertas Photo Silky', 'Pak', 49000, '2020-07-11 05:00:10', '2020-07-11 05:00:10', 10),
(72, 1, 'Kertas Sticker', 'Pak', 42000, '2020-07-11 05:00:10', '2020-07-11 05:00:10', 10),
(73, 1, 'Kertas Sticker Biasa', 'Pak', 18000, '2020-07-11 05:00:10', '2020-07-11 05:00:10', 10),
(74, 1, 'Koreksi Joyko', 'Ls', 42000, '2020-07-11 05:00:10', '2020-07-11 05:00:10', 10),
(75, 1, 'Lab Kanebo', 'Pcs', 25000, '2020-07-11 05:00:10', '2020-07-11 05:00:10', 10),
(76, 1, 'Lakban All Size', 'Glg', 11500, '2020-07-11 05:00:10', '2020-07-11 05:00:10', 10),
(77, 1, 'Map Folio Kertas Biasa', 'Pak', 45000, '2020-07-11 05:00:10', '2020-07-11 05:00:10', 10),
(78, 1, 'Map Folio Snelhecter Kertas S.50', 'Pak', 50000, '2020-07-11 05:00:10', '2020-07-11 05:00:10', 10),
(79, 1, 'Map Folio Snelhecter Plastik', 'Pcs', 3200, '2020-07-11 05:00:10', '2020-07-11 05:00:10', 10),
(80, 1, 'Map Plastik Sampul', 'Pak', 42000, '2020-07-11 05:00:10', '2020-07-11 05:00:10', 10),
(81, 1, 'Map Snelch', 'Pak', 42000, '2020-07-11 05:00:10', '2020-07-11 05:00:10', 10),
(82, 1, 'Map Snelch Biasa', 'Lsn', 25000, '2020-07-11 05:00:10', '2020-07-11 05:00:10', 10),
(83, 1, 'Map Snelch Folio Kertas ', 'Pak', 50000, '2020-07-11 05:00:10', '2020-07-11 05:00:10', 10),
(84, 1, 'Map Snelch Folio Plastik', 'ls', 45000, '2020-07-11 05:00:10', '2020-07-11 05:00:10', 10),
(85, 1, 'Map Snelch Kertas', 'Pcs', 1000, '2020-07-11 05:00:10', '2020-07-11 05:00:10', 10),
(86, 1, 'Odner BX 777', 'Pcs', 25000, '2020-07-11 05:00:10', '2020-07-11 05:00:10', 10),
(87, 1, 'Papan Alas Ujian', 'Ls', 65000, '2020-07-11 05:00:10', '2020-07-11 05:00:10', 10),
(88, 1, 'Pen Stand 9133', 'Pcs', 27000, '2020-07-11 05:00:10', '2020-07-11 05:00:10', 10),
(89, 1, 'Pen Standar', 'Ls', 18500, '2020-07-11 05:00:10', '2020-07-11 05:00:10', 10),
(90, 1, 'Pen Standar', 'Ls', 18000, '2020-07-11 05:00:10', '2020-07-11 05:00:10', 10),
(91, 1, 'Pen Standar AE 777', 'Ls', 18000, '2020-07-11 05:00:10', '2020-07-11 05:00:10', 10),
(92, 1, 'Pengahapus 2B Steadler', 'Ls', 30000, '2020-07-11 05:00:10', '2020-07-11 05:00:10', 10),
(93, 1, 'Penggaris', 'Lsn', 23000, '2020-07-11 05:00:10', '2020-07-11 05:00:10', 10),
(94, 1, 'Penggaris Buterfly 30 cm', 'Ls', 30000, '2020-07-11 05:00:10', '2020-07-11 05:00:10', 10),
(95, 1, 'Penghapus', 'Pak', 20000, '2020-07-11 05:00:10', '2020-07-11 05:00:10', 10),
(96, 1, 'Pengharum Ruangan', 'Bks', 12500, '2020-07-11 05:00:10', '2020-07-11 05:00:10', 10),
(97, 1, 'Pensil', 'Lsn', 22000, '2020-07-11 05:00:10', '2020-07-11 05:00:10', 10),
(98, 1, 'Pensil 2B Steadler', 'Ls', 36000, '2020-07-11 05:00:10', '2020-07-11 05:00:10', 10),
(99, 1, 'Pisau Cuter', 'Pcs', 9500, '2020-07-11 05:00:10', '2020-07-11 05:00:10', 10),
(100, 1, 'Pulpen', 'Lsn', 18000, '2020-07-11 05:00:10', '2020-07-11 05:00:10', 10),
(101, 1, 'Rak Meja Arsip Micro 2 D', 'Pcs', 65000, '2020-07-11 05:00:10', '2020-07-11 05:00:10', 10),
(102, 1, 'Refil Board Snowman', 'Ls', 148000, '2020-07-11 05:00:10', '2020-07-11 05:00:10', 10),
(103, 1, 'Spidol Permanen', 'Ls', 72000, '2020-07-11 05:00:10', '2020-07-11 05:00:10', 10),
(104, 1, 'Spidol W Board Snowman', 'Ls', 75000, '2020-07-11 05:00:10', '2020-07-11 05:00:10', 10),
(105, 1, 'Stabilo', 'Ls', 42000, '2020-07-11 05:00:10', '2020-07-11 05:00:10', 10),
(106, 1, 'Streples Kecil Max', 'Pcs', 12500, '2020-07-11 05:00:10', '2020-07-11 05:00:10', 10),
(107, 1, 'Streples Sedang Max', 'Pcs', 24500, '2020-07-11 05:00:10', '2020-07-11 05:00:10', 10),
(108, 1, 'Taplak Meja', 'Pak', 25000, '2020-07-11 05:00:10', '2020-07-11 05:00:10', 10),
(109, 1, 'Verperator / Pelobang Kertas Kenko', 'Pcs', 15000, '2020-07-11 05:00:10', '2020-07-11 05:00:10', 10),
(110, 1, 'Verperator KC', 'Pcs', 14000, '2020-07-11 05:00:10', '2020-07-11 05:00:10', 10),
(111, 1, 'Amplas', 'Mtr', 12000, '2020-07-11 05:00:10', '2020-07-11 05:00:10', 11),
(112, 1, 'Cat En 808 @ 5 Kg', 'Gln', 132000, '2020-07-11 05:00:10', '2020-07-11 05:00:10', 11),
(113, 1, 'Cat Envi', 'Klg', 62000, '2020-07-11 05:00:10', '2020-07-11 05:00:10', 11),
(114, 1, 'Cat Np @ 5 KG Putih', 'Klg', 90000, '2020-07-11 05:00:10', '2020-07-11 05:00:10', 11),
(115, 1, 'Cat Np. 229 @ 20 Kg', 'Pell', 410000, '2020-07-11 05:00:10', '2020-07-11 05:00:10', 11),
(116, 1, 'Daiken Beton', 'Ktk', 35000, '2020-07-11 05:00:10', '2020-07-11 05:00:10', 11),
(117, 1, 'Engsel Hpp Pintu', 'PSG', 13000, '2020-07-11 05:00:10', '2020-07-11 05:00:10', 11),
(118, 1, 'Karpet Talang 80 Cm', 'Mtr', 26500, '2020-07-11 05:00:10', '2020-07-11 05:00:10', 11),
(119, 1, 'Keramik WC 20x25', 'Dus', 55000, '2020-07-11 05:00:10', '2020-07-11 05:00:10', 11),
(120, 1, 'Kloset', 'Bh', 325000, '2020-07-11 05:00:10', '2020-07-11 05:00:10', 11),
(121, 1, 'Kuas 2 Inc', 'Bh', 5000, '2020-07-11 05:00:10', '2020-07-11 05:00:10', 11),
(122, 1, 'Kuas 4 inc', 'Bh', 10000, '2020-07-11 05:00:10', '2020-07-11 05:00:10', 11),
(123, 1, 'Kunci Pintu KC', 'Bh', 135000, '2020-07-11 05:00:10', '2020-07-11 05:00:10', 11),
(124, 1, 'Loster', 'Bh', 17000, '2020-07-11 05:00:10', '2020-07-11 05:00:10', 11),
(125, 1, 'Paku Campur', 'Kg', 14000, '2020-07-11 05:00:10', '2020-07-11 05:00:10', 11),
(126, 1, 'Paku Tembok Daiken', 'Ktk', 34000, '2020-07-11 05:00:10', '2020-07-11 05:00:10', 11),
(127, 1, 'Paku Triplek', 'Kg', 19000, '2020-07-11 05:00:10', '2020-07-11 05:00:10', 11),
(128, 1, 'Paralon 3\" WV', 'Btg', 43000, '2020-07-11 05:00:10', '2020-07-11 05:00:10', 11),
(129, 1, 'Pipa L 3\"', 'Bh', 8000, '2020-07-11 05:00:10', '2020-07-11 05:00:10', 11),
(130, 1, 'Semen BTR', 'Sak', 52000, '2020-07-11 05:00:10', '2020-07-11 05:00:10', 11),
(131, 1, 'Tarikan Pintu', 'Bh', 6000, '2020-07-11 05:00:10', '2020-07-11 05:00:10', 11),
(132, 1, 'Tinner', 'Btl', 8000, '2020-07-11 05:00:10', '2020-07-11 05:00:10', 11),
(133, 1, 'Triplek4 MM', 'Lbr', 56000, '2020-07-11 05:00:10', '2020-07-11 05:00:10', 11),
(134, 1, 'Insentif Input Dapodik Guru / Karyawan', 'guru', 20000, '2020-07-11 05:00:10', '2020-07-11 05:00:10', 12),
(135, 1, 'Insentif input Dapodik Sekolah', 'Sklh', 100000, '2020-07-11 05:00:10', '2020-07-11 05:00:10', 12),
(136, 1, 'Insentif Input Dapodik Siswa', 'Siswa', 2500, '2020-07-11 05:00:10', '2020-07-11 05:00:10', 12),
(137, 1, 'Insentif Proktor Simulasi 1 & 2', 'all', 2600000, '2020-07-11 05:00:10', '2020-07-11 05:00:10', 12),
(138, 1, 'Insentif Proktor USBK', 'all', 3660000, '2020-07-11 05:00:10', '2020-07-11 05:00:10', 12),
(139, 1, 'Insentif Teknisi Simulasi 1 & 2', 'all', 1000000, '2020-07-11 05:00:10', '2020-07-11 05:00:10', 12),
(140, 1, 'Lomba PRC Pesawaran IV', 'all', 8200000, '2020-07-11 05:00:10', '2020-07-11 05:00:10', 12),
(141, 1, 'Perkemahan Tamu Ambalan', 'all', 2300000, '2020-07-11 05:00:10', '2020-07-11 05:00:10', 12),
(142, 1, 'Proktor UNBK', 'all', 3200000, '2020-07-11 05:00:10', '2020-07-11 05:00:10', 12),
(143, 1, 'Sinkronasi UNBK', 'all', 750000, '2020-07-11 05:00:10', '2020-07-11 05:00:10', 12),
(144, 1, 'Teknisi UNBK', 'all', 600000, '2020-07-11 05:00:10', '2020-07-11 05:00:10', 12),
(145, 1, 'Transport Pengawas UNBK (4Hari & 4Lab)', 'Lbr', 900000, '2020-07-11 05:00:10', '2020-07-11 05:00:10', 12),
(146, 1, 'Transpor P Eskul Feb : 12-02-2020', 'Bln', 5750000, '2020-07-11 05:00:10', '2020-07-11 05:00:10', 13),
(147, 1, 'Transpor P Eskul Jan : 13-01-2020', 'Bln', 5750000, '2020-07-11 05:00:10', '2020-07-11 05:00:10', 13),
(148, 1, 'Transpor P Eskul Mar : 13-03-2020', 'Bln', 5750000, '2020-07-11 05:00:10', '2020-07-11 05:00:10', 13),
(149, 1, 'Baterai 9 Volt', 'Bok', 65000, '2020-07-11 05:00:10', '2020-07-11 05:00:10', 14),
(150, 1, 'Catride IP 1600 C / Black', 'Pcs', 195000, '2020-07-11 05:00:10', '2020-07-11 05:00:10', 14),
(151, 1, 'Catride IP 1600 Colour', 'Pcs', 225000, '2020-07-11 05:00:10', '2020-07-11 05:00:10', 14),
(152, 1, 'Isolasi', 'Bh', 8000, '2020-07-11 05:00:10', '2020-07-11 05:00:10', 14),
(153, 1, 'Kabel 2 x 1,5', 'Roll', 385000, '2020-07-11 05:00:10', '2020-07-11 05:00:10', 14),
(154, 1, 'Kabel ET  2 x 1,5 ', 'Rol', 380000, '2020-07-11 05:00:10', '2020-07-11 05:00:10', 14),
(155, 1, 'Klaim Kabel', 'Bks', 5000, '2020-07-11 05:00:10', '2020-07-11 05:00:10', 14),
(156, 1, 'Lampu Snyk 25w Paket', 'Ktk', 125000, '2020-07-11 05:00:10', '2020-07-11 05:00:10', 14),
(157, 1, 'MCB 25A', 'Bh', 35000, '2020-07-11 05:00:10', '2020-07-11 05:00:10', 14),
(158, 1, 'MCB 60A', 'Bh', 95000, '2020-07-11 05:00:10', '2020-07-11 05:00:10', 14),
(159, 1, 'RJ 45', 'Bks', 42000, '2020-07-11 05:00:10', '2020-07-11 05:00:10', 14),
(160, 1, 'Tang Crimping', 'Pcs', 35000, '2020-07-11 05:00:10', '2020-07-11 05:00:10', 14),
(161, 1, 'Tester Cable', 'Pcs', 85000, '2020-07-11 05:00:10', '2020-07-11 05:00:10', 14),
(162, 1, 'Timah Solder', 'Glg', 60000, '2020-07-11 05:00:10', '2020-07-11 05:00:10', 14),
(163, 1, 'Catridge Cash Register', 'Pcs', 42000, '2020-07-11 05:00:10', '2020-07-11 05:00:10', 15),
(164, 1, 'Flashdisk 8 GB', 'Bh', 85000, '2020-07-11 05:00:10', '2020-07-11 05:00:10', 15),
(165, 1, 'Foto Copy Buku Panduan', 'Eks', 8700, '2020-07-11 05:00:10', '2020-07-11 05:00:10', 15),
(166, 1, 'Foto Copy Copy Agenda Siswa (270 x 8lbr)', 'Lbr', 200, '2020-07-11 05:00:10', '2020-07-11 05:00:10', 15),
(167, 1, 'Foto Copy Copy B. Acara Kunjungan', 'Lbr', 200, '2020-07-11 05:00:10', '2020-07-11 05:00:10', 15),
(168, 1, 'Foto Copy Copy Daftar Hadir ( 270 x 6lbr)', 'Lbr', 200, '2020-07-11 05:00:10', '2020-07-11 05:00:10', 15),
(169, 1, 'Foto Copy Copy Sertifikat (270 x 7)', 'Lbr', 200, '2020-07-11 05:00:10', '2020-07-11 05:00:10', 15),
(170, 1, 'Foto Copy Laporan ', 'Lbr', 200, '2020-07-11 05:00:10', '2020-07-11 05:00:10', 15),
(171, 1, 'Foto Copy Soal Dan Lembar kerja', 'Lbr', 200, '2020-07-11 05:00:10', '2020-07-11 05:00:10', 15),
(172, 1, 'Jilid Biasa', 'Bdl', 7000, '2020-07-11 05:00:10', '2020-07-11 05:00:10', 15),
(173, 1, 'Kertas Bufalo', 'Pak', 25000, '2020-07-11 05:00:10', '2020-07-11 05:00:10', 15),
(174, 1, 'Kertas Buram', 'Pak', 20000, '2020-07-11 05:00:10', '2020-07-11 05:00:10', 15),
(175, 1, 'Kertas HVS A4 Sd', 'Rim', 45000, '2020-07-11 05:00:10', '2020-07-11 05:00:10', 15),
(176, 1, 'Kertas HVS F4 Sd', 'Rim', 47000, '2020-07-11 05:00:10', '2020-07-11 05:00:10', 15),
(177, 1, 'Kertas Sampul', 'Pak', 35000, '2020-07-11 05:00:10', '2020-07-11 05:00:10', 15),
(178, 1, 'Label Harga 15 x 23', 'Glg', 21000, '2020-07-11 05:00:10', '2020-07-11 05:00:10', 15),
(179, 1, 'Label Harga 36 x 45', 'Glg', 23000, '2020-07-11 05:00:10', '2020-07-11 05:00:10', 15),
(180, 1, 'LB Desk Top 58 x 45', 'Glg', 20000, '2020-07-11 05:00:10', '2020-07-11 05:00:10', 15),
(181, 1, 'Lem Glukol', 'Ktk', 35000, '2020-07-11 05:00:10', '2020-07-11 05:00:10', 15),
(182, 1, 'Map snelch Transparan', 'ls', 30000, '2020-07-11 05:00:10', '2020-07-11 05:00:10', 15),
(183, 1, 'Materai 3.000', 'Lbr', 4000, '2020-07-11 05:00:10', '2020-07-11 05:00:10', 15),
(184, 1, 'Materai 6.000', 'Lbr', 7000, '2020-07-11 05:00:10', '2020-07-11 05:00:10', 15),
(185, 1, 'Nota N C R 2 Ply', 'Pak', 42000, '2020-07-11 05:00:10', '2020-07-11 05:00:10', 15),
(186, 1, 'Plastik Mica Film', 'Pak', 22000, '2020-07-11 05:00:10', '2020-07-11 05:00:10', 15),
(187, 1, 'Plastik Mika', 'pak', 23000, '2020-07-11 05:00:10', '2020-07-11 05:00:10', 15),
(188, 1, 'Biaya Besi Dudukan Banner Depan (3.8 x 3.2 Mtr)', 'Unit', 950000, '2020-07-11 05:00:10', '2020-07-11 05:00:10', 16),
(189, 1, 'Biaya Besi Dudukan Banner Depan (4,3 x 3,2 Mtr)', 'Unit', 1450000, '2020-07-11 05:00:10', '2020-07-11 05:00:10', 16),
(190, 1, 'Jasa Pemeliharaan Kebersihan Depan (Bulan Januari - Maret 2020)', 'Bln', 150000, '2020-07-11 05:00:10', '2020-07-11 05:00:10', 17),
(191, 1, 'Eeng Upah 11/02 s/d 13/02/2019', 'Hr', 75000, '2020-07-11 05:00:10', '2020-07-11 05:00:10', 18),
(192, 1, 'Eeng Upah 24/01 s/d 26/01/2019', 'Hr', 75000, '2020-07-11 05:00:10', '2020-07-11 05:00:10', 18),
(193, 1, 'Rudi Upah 11/02 s/d 13/02/2019', 'Hr', 95000, '2020-07-11 05:00:10', '2020-07-11 05:00:10', 18),
(194, 1, 'Rudi Upah 24/01 s/d 26/01/2019', 'Hr', 95000, '2020-07-11 05:00:10', '2020-07-11 05:00:10', 18),
(195, 1, 'Upah 04/02 sd 09/02/2019', 'Mg', 1452000, '2020-07-11 05:00:10', '2020-07-11 05:00:10', 18),
(196, 1, 'Upah 28/01 sd 02/02/2019', 'Mg', 1452000, '2020-07-11 05:00:10', '2020-07-11 05:00:10', 18),
(197, 1, 'Jasa Perbaikan Jalu Listrik', 'Org', 200000, '2020-07-11 05:00:10', '2020-07-11 05:00:10', 19),
(198, 1, 'Transport Pembelian ATK 1', 'All', 100000, '2020-07-11 05:00:10', '2020-07-11 05:00:10', 20),
(199, 1, 'Transport Pembelian ATK 2', 'All', 150000, '2020-07-11 05:00:10', '2020-07-11 05:00:10', 20),
(200, 1, 'Transport Pembelian Bahan Habis Pakai', 'All', 150000, '2020-07-11 05:00:10', '2020-07-11 05:00:10', 20),
(201, 1, 'Jasa Perawatan Kebersamaan WC (Bulan Januari - Maret 2020)', 'Bln', 150000, '2020-07-11 05:00:10', '2020-07-11 05:00:10', 21),
(202, 1, 'Jasa Service PC + LED Komputer', 'Unit', 245000, '2020-07-11 05:00:10', '2020-07-11 05:00:10', 22),
(203, 1, 'Jasa Perbaikan Meja Kursi Siswa', 'Set', 75000, '2020-07-11 05:00:10', '2020-07-11 05:00:10', 23),
(204, 1, 'Access Point TL WA511 OG', 'Box', 500000, '2020-07-11 05:00:10', '2020-07-11 05:00:10', 24),
(205, 1, 'Hub D-Link 8 port', 'Box', 110000, '2020-07-11 05:00:10', '2020-07-11 05:00:10', 24),
(206, 1, 'Hub Tp Link 24 P0rt', 'Box', 430000, '2020-07-11 05:00:10', '2020-07-11 05:00:10', 24),
(207, 1, 'Lancard TP-Link PCI TF 3905', 'Box', 50000, '2020-07-11 05:00:10', '2020-07-11 05:00:10', 24),
(208, 1, 'Lancard TP-Link PCI TG 3269', 'Box', 90000, '2020-07-11 05:00:10', '2020-07-11 05:00:10', 24),
(209, 1, 'CD R', 'Pak', 140000, '2020-07-11 05:00:10', '2020-07-11 05:00:10', 25),
(210, 1, 'Connector Rj 45', 'Box', 120000, '2020-07-11 05:00:10', '2020-07-11 05:00:10', 25),
(211, 1, 'DVD R', 'Pak', 110000, '2020-07-11 05:00:10', '2020-07-11 05:00:10', 25),
(212, 1, 'DVD-RW Asus Sata', 'Unit', 310000, '2020-07-11 05:00:10', '2020-07-11 05:00:10', 25),
(213, 1, 'FD Sandisk 16 Gb', 'Unit', 80000, '2020-07-11 05:00:10', '2020-07-11 05:00:10', 25),
(214, 1, 'Hard Disk 320 Gb', 'Unit', 370000, '2020-07-11 05:00:10', '2020-07-11 05:00:10', 25),
(215, 1, 'HDD PC160 Gb WDC', 'Unit', 225000, '2020-07-11 05:00:10', '2020-07-11 05:00:10', 25),
(216, 1, 'Kabel Power', 'Pcs', 20000, '2020-07-11 05:00:10', '2020-07-11 05:00:10', 25),
(217, 1, 'Kabel UTP', 'Roll', 1150000, '2020-07-11 05:00:10', '2020-07-11 05:00:10', 25),
(218, 1, 'Kabel VGA', 'Pcs', 25000, '2020-07-11 05:00:10', '2020-07-11 05:00:10', 25),
(219, 1, 'Key Board Logitech MK100', 'Pcs', 115000, '2020-07-11 05:00:10', '2020-07-11 05:00:10', 25),
(220, 1, 'Mouse USB Logitech', 'Pcs', 52000, '2020-07-11 05:00:10', '2020-07-11 05:00:10', 25),
(221, 1, 'RB 951 Ui-2nd', 'Pcs', 962000, '2020-07-11 05:00:10', '2020-07-11 05:00:10', 25),
(222, 1, 'RB 951-2nd', 'Pcs', 374000, '2020-07-11 05:00:10', '2020-07-11 05:00:10', 25),
(223, 1, 'Tinta Canon', 'Btl', 35000, '2020-07-11 05:00:10', '2020-07-11 05:00:10', 25),
(224, 1, 'Tinta Printer Cn All /c 4', 'Btl', 90000, '2020-07-11 05:00:10', '2020-07-11 05:00:10', 25),
(225, 1, 'Wap Nd ( Mikrotik Wap )', 'Pcs', 858000, '2020-07-11 05:00:10', '2020-07-11 05:00:10', 25),
(226, 1, 'Display LED 20\"', 'Box', 1075000, '2020-07-11 05:00:10', '2020-07-11 05:00:10', 26),
(227, 1, 'Hardisk External', 'Box', 620000, '2020-07-11 05:00:10', '2020-07-11 05:00:10', 26),
(229, 1, 'Kabel Belden  / UPT', 'roll', 1150000, '2020-07-11 05:00:10', '2020-07-11 05:00:10', 26),
(230, 1, 'Kabel Sneder', 'roll', 1320000, '2020-07-11 05:00:10', '2020-07-11 05:00:10', 26),
(231, 1, 'SSD 480 GB', 'Unit', 925000, '2020-07-11 05:00:10', '2020-07-11 05:00:10', 26),
(232, 1, 'Crimping Tool', 'Unit', 95000, '2020-07-11 05:00:10', '2020-07-11 05:00:10', 27),
(233, 1, 'DVD -RW Asus Sata', 'Unit', 310000, '2020-07-11 05:00:10', '2020-07-11 05:00:10', 27),
(234, 1, 'Hard Disk Eksternal', 'Unit', 620000, '2020-07-11 05:00:10', '2020-07-11 05:00:10', 27),
(235, 1, 'Hub D-Link 8 Port', 'Unit', 110000, '2020-07-11 05:00:10', '2020-07-11 05:00:10', 27),
(236, 1, 'Hub TP-Link 24 Port', 'Unit', 430000, '2020-07-11 05:00:10', '2020-07-11 05:00:10', 27),
(237, 1, 'Lan Taster cable', 'Box', 35000, '2020-07-11 05:00:10', '2020-07-11 05:00:10', 27),
(238, 1, 'Lancard TP-Link PCI Tf 3905', 'Unit', 150000, '2020-07-11 05:00:10', '2020-07-11 05:00:10', 27),
(239, 1, 'Lancard TP-Link PCI Tg 3269', 'Unit', 90000, '2020-07-11 05:00:10', '2020-07-11 05:00:10', 27),
(240, 1, 'Revil Toner', 'Bks', 62500, '2020-07-11 05:00:10', '2020-07-11 05:00:10', 27),
(241, 1, 'Switch 16 Port', 'Box', 360000, '2020-07-11 05:00:10', '2020-07-11 05:00:10', 27),
(242, 1, 'Taster Cable', 'Unit', 75000, '2020-07-11 05:00:10', '2020-07-11 05:00:10', 27),
(243, 1, 'Tinta Canon', 'Btl', 35000, '2020-07-11 05:00:10', '2020-07-11 05:00:10', 27),
(244, 1, 'Tinta CN Ip 2770', 'Btl', 35000, '2020-07-11 05:00:10', '2020-07-11 05:00:10', 27),
(245, 1, 'Tinta Eps T.6641, s/d 6644', 'Btl', 90000, '2020-07-11 05:00:10', '2020-07-11 05:00:10', 27),
(246, 1, 'Tinta Eps T.6731, s/d 6736', 'Btl', 135000, '2020-07-11 05:00:10', '2020-07-11 05:00:10', 27),
(247, 1, 'Tinta Print Cn All /C 4', 'Btl', 35000, '2020-07-11 05:00:10', '2020-07-11 05:00:10', 27),
(248, 1, 'Tinta Printer Cn All /c 4', 'Btl', 90000, '2020-07-11 05:00:10', '2020-07-11 05:00:10', 27),
(249, 1, 'Tinta Printer Eps 664 All/c', 'Btl', 90000, '2020-07-11 05:00:10', '2020-07-11 05:00:10', 27),
(250, 1, 'Tinta Printer Eps 673 All/c', 'Btl', 135000, '2020-07-11 05:00:10', '2020-07-11 05:00:10', 27),
(251, 1, 'Bidai', 'Set', 64000, '2020-07-11 05:00:10', '2020-07-11 05:00:10', 28),
(252, 1, 'Masker Karet', 'Box', 30000, '2020-07-11 05:00:10', '2020-07-11 05:00:10', 28),
(253, 1, 'Mitela', 'Bal', 150000, '2020-07-11 05:00:10', '2020-07-11 05:00:10', 28),
(254, 1, 'Pembalut Gulung', 'Pcs', 7000, '2020-07-11 05:00:10', '2020-07-11 05:00:10', 28),
(255, 1, 'Sarung Tangan Lateks', 'Box', 42000, '2020-07-11 05:00:10', '2020-07-11 05:00:10', 28),
(256, 1, 'Tali Tandu', 'Gl', 85000, '2020-07-11 05:00:10', '2020-07-11 05:00:10', 28),
(257, 1, 'Banner Depan (3.8 x 3.2 Mtr x Rp. 25.000)', 'Bh', 304000, '2020-07-11 05:00:10', '2020-07-11 05:00:10', 29),
(258, 1, 'Banner Depan (4,3 x 3,2 Mtr x Rp. 25.000)', 'Bh', 344000, '2020-07-11 05:00:10', '2020-07-11 05:00:10', 29),
(259, 1, 'Cetak Banner UKK 2019 (0,75 x 0,65)', 'Pcs', 11000, '2020-07-11 05:00:10', '2020-07-11 05:00:10', 29),
(260, 1, 'Cetak Banner UKK 2019 (1 x 0,75)', 'Pcs', 18000, '2020-07-11 05:00:10', '2020-07-11 05:00:10', 29),
(261, 1, 'Cetak Banner UKK 2019 (1 x 0,8)', 'Pcs', 18000, '2020-07-11 05:00:10', '2020-07-11 05:00:10', 29),
(262, 1, 'Cetak Banner UKK 2019 (3 x 1,25)', 'Pcs', 82500, '2020-07-11 05:00:10', '2020-07-11 05:00:10', 29),
(263, 1, 'Cetak Banner UKK 2019 (3,6 x 1,5)', 'Pcs', 119000, '2020-07-11 05:00:10', '2020-07-11 05:00:10', 29),
(264, 1, 'X Banner', 'Set', 125000, '2020-07-11 05:00:10', '2020-07-11 05:00:10', 29),
(265, 1, 'Insentif Guru Pendamping Siswa', 'All', 10160000, '2020-07-11 05:00:10', '2020-07-11 05:00:10', 30),
(266, 1, 'Insentif Pembimbing Toko', 'All', 3000000, '2020-07-11 05:00:10', '2020-07-11 05:00:10', 30),
(267, 1, 'Pembelian Souvenir', 'Set', 275000, '2020-07-11 05:00:10', '2020-07-11 05:00:10', 30),
(268, 1, 'Transpor Survey Tempat PKL', 'All', 6245000, '2020-07-11 05:00:10', '2020-07-11 05:00:10', 30),
(269, 1, 'Transportasi Antar Siswa PKL', 'All', 2500000, '2020-07-11 05:00:10', '2020-07-11 05:00:10', 30),
(270, 1, 'Transportasi Kunjungan Pembimbing PKL', 'All', 10940000, '2020-07-11 05:00:10', '2020-07-11 05:00:10', 30),
(271, 1, 'Transportasi Monitoring Siswa PKL (Panitia + Ka. Program)', 'All', 2740000, '2020-07-11 05:00:10', '2020-07-11 05:00:10', 30),
(272, 1, 'Transportasi Pengambilan Siswa PKL', 'All', 2495000, '2020-07-11 05:00:10', '2020-07-11 05:00:10', 30),
(273, 1, 'Konsumsi Ujian Sekolah (30 x 4 Hari)', 'Bks', 7500, '2020-07-11 05:00:10', '2020-07-11 05:00:10', 31),
(274, 1, 'Konsumsi Ujian Sekolah (35 x 6 Hari)', 'Bks', 7500, '2020-07-11 05:00:10', '2020-07-11 05:00:10', 31),
(275, 1, 'Konsumsi Ujian Sekolah (40 x 6 Hari)', 'Bks', 7500, '2020-07-11 05:00:10', '2020-07-11 05:00:10', 31),
(276, 1, 'Pelunasan Daya / Jasa Koran Januari 13-01-2020', 'Bln', 3230000, '2020-07-11 05:00:10', '2020-07-11 05:00:10', 32),
(277, 1, 'Pelunasan Daya / Jasa PLN Februari 11-02-2020', 'Bln', 3902400, '2020-07-11 05:00:10', '2020-07-11 05:00:10', 32),
(278, 1, 'Pelunasan Daya / Jasa PLN Januari 13-01-2020', 'Bln', 1942200, '2020-07-11 05:00:10', '2020-07-11 05:00:10', 32),
(279, 1, 'Pelunasan Daya / Jasa PLN Maret 13-03-2020', 'Bln', 3090600, '2020-07-11 05:00:10', '2020-07-11 05:00:10', 32),
(280, 1, 'Pelunasan Daya / Jasa Telkom Februari 11-02-2020', 'Bln', 2620600, '2020-07-11 05:00:10', '2020-07-11 05:00:10', 32),
(281, 1, 'Pelunasan Daya / Jasa Telkom Januari 13-01-2020', 'Bln', 2321000, '2020-07-11 05:00:10', '2020-07-11 05:00:10', 32),
(282, 1, 'Pelunasan Daya / Jasa Telkom Maret 13-03-2020', 'Bln', 2288100, '2020-07-11 05:00:10', '2020-07-11 05:00:10', 32),
(283, 1, 'Pelunasan Honor Guru Februari 2020', 'Bln', 18241000, '2020-07-11 05:00:10', '2020-07-11 05:00:10', 32),
(284, 1, 'Pelunasan Honor Guru Januari 2020', 'Bln', 18241000, '2020-07-11 05:00:10', '2020-07-11 05:00:10', 32),
(285, 1, 'Pelunasan Honor Guru Maret 2020', 'Bln', 18241000, '2020-07-11 05:00:10', '2020-07-11 05:00:10', 32),
(286, 1, 'Pelunasan Honor Tendik Februari 2020', 'Bln', 4900000, '2020-07-11 05:00:10', '2020-07-11 05:00:10', 32),
(287, 1, 'Pelunasan Honor Tendik Januari 2020', 'Bln', 4900000, '2020-07-11 05:00:10', '2020-07-11 05:00:10', 32),
(288, 1, 'Pelunasan Honor Tendik Maret 2020', 'Bln', 4900000, '2020-07-11 05:00:10', '2020-07-11 05:00:10', 32),
(289, 1, 'Pemb Kuota Daring Guru April 2020', 'All', 10000000, '2020-07-11 05:00:10', '2020-07-11 05:00:10', 32),
(290, 1, 'Pemb Kuota Daring Guru Maret 2020', 'All', 10000000, '2020-07-11 05:00:10', '2020-07-11 05:00:10', 32),
(291, 1, 'Pulsa Listrik Februari 2020', 'Bln', 1012500, '2020-07-11 05:00:10', '2020-07-11 05:00:10', 32),
(292, 1, 'Pulsa Listrik Maret 2020', 'Bln', 810000, '2020-07-11 05:00:10', '2020-07-11 05:00:10', 32),
(293, 1, 'Pulsa Lstrik Januari 2020', 'Bln', 1012500, '2020-07-11 05:00:10', '2020-07-11 05:00:10', 32),
(294, 1, 'Bola Basket Mikasa', 'Bh', 375000, '2020-07-11 05:00:10', '2020-07-11 05:00:10', 33),
(295, 1, 'Bola Futsal Mikasa', 'Bh', 275000, '2020-07-11 05:00:10', '2020-07-11 05:00:10', 33),
(296, 1, 'Bola Kaki', 'Bh', 325000, '2020-07-11 05:00:10', '2020-07-11 05:00:10', 33),
(297, 1, 'Bola Voly  Mikasa', 'Bh', 350000, '2020-07-11 05:00:10', '2020-07-11 05:00:10', 33),
(298, 1, 'Bunga / Kembang', 'Unit', 29000, '2020-07-11 05:00:10', '2020-07-11 05:00:10', 34),
(299, 1, 'Pot Bunga B', 'Bh', 45000, '2020-07-11 05:00:10', '2020-07-11 05:00:10', 34),
(300, 1, 'Pot Bunga Kc', 'Bh', 15000, '2020-07-11 05:00:10', '2020-07-11 05:00:10', 34),
(301, 1, 'Pot Bunga Sdg', 'Bh', 35000, '2020-07-11 05:00:10', '2020-07-11 05:00:10', 34),
(302, 1, 'Pupuk', 'Bks', 20000, '2020-07-11 05:00:10', '2020-07-11 05:00:10', 34),
(303, 1, 'Kotak Tisue', 'Bh', 15000, '2020-07-11 05:00:10', '2020-07-11 05:00:10', 35),
(304, 1, 'Tali Kur ID Card', 'Bks', 12000, '2020-07-11 05:00:10', '2020-07-11 05:00:10', 35),
(305, 1, 'Taplak Meja ORN', 'Lbr', 26000, '2020-07-11 05:00:10', '2020-07-11 05:00:10', 35),
(306, 1, 'Taplak Meja Salsabil', 'Lbr', 23500, '2020-07-11 05:00:10', '2020-07-11 05:00:10', 35),
(307, 1, 'Tisue Isi Ulang', 'Bks', 23000, '2020-07-11 05:00:10', '2020-07-11 05:00:10', 35),
(308, 1, 'Daun Pintu (Doble)', 'Set', 950000, '2020-07-11 05:00:10', '2020-07-11 05:00:10', 36),
(309, 1, 'Kusen Pintu', 'Unit', 375000, '2020-07-11 05:00:10', '2020-07-11 05:00:10', 36),
(310, 1, 'Cetak Sertifikat', 'Lbr', 10500, '2020-07-11 05:00:10', '2020-07-11 05:00:10', 37),
(311, 1, 'Cetak Sertifikat Kompetensi', 'Lbr', 15000, '2020-07-11 05:00:10', '2020-07-11 05:00:10', 37),
(312, 1, 'Kertas Inject', 'Pak', 41000, '2020-07-11 05:00:10', '2020-07-11 05:00:10', 37),
(313, 1, 'Kertas Photo ', 'Pak', 45000, '2020-07-11 05:00:10', '2020-07-11 05:00:10', 37),
(314, 1, 'Kertas Photo Double Slide', 'Pak', 48000, '2020-07-11 05:00:10', '2020-07-11 05:00:10', 37),
(315, 1, 'Kertas Sticker', 'Pak', 42000, '2020-07-11 05:00:10', '2020-07-11 05:00:10', 37),
(316, 1, 'Pen Standar A E 777', 'Lusin', 18000, '2020-07-11 05:00:10', '2020-07-11 05:00:10', 37),
(317, 1, 'Bawang Merah', 'Kg', 22000, '2020-07-11 05:00:10', '2020-07-11 05:00:10', 38),
(318, 1, 'Bawang Putih', 'Kg', 32000, '2020-07-11 05:00:10', '2020-07-11 05:00:10', 38),
(319, 1, 'BayClin 1 Ltr', 'Btl', 60000, '2020-07-11 05:00:10', '2020-07-11 05:00:10', 38),
(320, 1, 'Beras', 'Kg', 9500, '2020-07-11 05:00:10', '2020-07-11 05:00:10', 38),
(321, 1, 'Cabe Keriting', 'Kg', 32000, '2020-07-11 05:00:10', '2020-07-11 05:00:10', 38),
(322, 1, 'Cabe Rawit', 'Kg', 38000, '2020-07-11 05:00:10', '2020-07-11 05:00:10', 38),
(323, 1, 'Detergen Daia 900 Gr', 'Bks', 18500, '2020-07-11 05:00:10', '2020-07-11 05:00:10', 38),
(324, 1, 'Gula 1000gr', 'Bks', 14500, '2020-07-11 05:00:10', '2020-07-11 05:00:10', 38),
(325, 1, 'Hand Anti Septic 500 Ml', 'Btl', 245000, '2020-07-11 05:00:10', '2020-07-11 05:00:10', 38),
(326, 1, 'Kecap Meja ABC 140 ml', 'Botol', 6500, '2020-07-11 05:00:10', '2020-07-11 05:00:10', 38),
(327, 1, 'Kopi Bubuk Klagan', 'Pak', 12500, '2020-07-11 05:00:10', '2020-07-11 05:00:10', 38),
(328, 1, 'Mie Instant 85 Gr 4 Rasa', 'Bks', 2400, '2020-07-11 05:00:10', '2020-07-11 05:00:10', 38),
(329, 1, 'Minyak Makan Bimoli 1000ml', 'Bks', 12500, '2020-07-11 05:00:10', '2020-07-11 05:00:10', 38),
(330, 1, 'Pasta Gigi Pepsodent White 75 Gr', 'Pcs', 3500, '2020-07-11 05:00:10', '2020-07-11 05:00:10', 38),
(331, 1, 'Pembasmi Serangga 200 Ml', 'Botol', 14500, '2020-07-11 05:00:10', '2020-07-11 05:00:10', 38),
(332, 1, 'S Cuci Sunlight Revil 400 Ml', 'Bks', 14800, '2020-07-11 05:00:10', '2020-07-11 05:00:10', 38),
(333, 1, 'Sabun Mandi 76 Gr', 'Pcs', 2200, '2020-07-11 05:00:10', '2020-07-11 05:00:10', 38),
(334, 1, 'Sambal Meja ABC 135 Ml', 'Botol', 6500, '2020-07-11 05:00:10', '2020-07-11 05:00:10', 38),
(335, 1, 'Shampoo 90 Ml', 'Botol', 10500, '2020-07-11 05:00:10', '2020-07-11 05:00:10', 38),
(336, 1, 'Teh Celup Sari Wangi 25 S', 'Ktk', 5500, '2020-07-11 05:00:10', '2020-07-11 05:00:10', 38),
(337, 1, 'Tisue Wajah 50 Sheet', 'Pak', 7500, '2020-07-11 05:00:10', '2020-07-11 05:00:10', 38),
(338, 1, 'Vanish 425 Ml', 'Bks', 19500, '2020-07-11 05:00:10', '2020-07-11 05:00:10', 38),
(339, 1, 'Wifol 750 Ml', 'Bks', 22500, '2020-07-11 05:00:10', '2020-07-11 05:00:10', 38),
(340, 1, 'Service Printer', 'Unit', 135000, '2020-07-11 05:00:10', '2020-07-11 05:00:10', 39),
(341, 1, 'Cusmate Sky 50 x 122 Cm', 'Bh', 95000, '2020-07-11 05:00:10', '2020-07-11 05:00:10', 40),
(342, 1, 'Handi Kop', 'Bh', 41000, '2020-07-11 05:00:10', '2020-07-11 05:00:10', 40),
(343, 1, 'Neco PVA Mop', 'Bh', 165000, '2020-07-11 05:00:10', '2020-07-11 05:00:10', 40),
(344, 1, 'Sapu Ijuk STd', 'Bh', 12500, '2020-07-11 05:00:10', '2020-07-11 05:00:10', 40),
(345, 1, 'Sapu Nilon sd', 'Bh', 18500, '2020-07-11 05:00:10', '2020-07-11 05:00:10', 40),
(346, 1, 'Supermop Premium', 'Bh', 335000, '2020-07-11 05:00:10', '2020-07-11 05:00:10', 40),
(347, 1, 'Tempat Sampah 2032 B10', 'Bh', 120000, '2020-07-11 05:00:10', '2020-07-11 05:00:10', 40),
(348, 1, 'Tempat Sampah 2051 B10', 'Bh', 125000, '2020-07-11 05:00:10', '2020-07-11 05:00:10', 40),
(349, 1, 'Tempat Sampah Ast B10', 'Bh', 440000, '2020-07-11 05:00:10', '2020-07-11 05:00:10', 40),
(350, 1, 'Isi Freon', 'Unit', 75000, '2020-07-11 05:00:10', '2020-07-11 05:00:10', 41),
(351, 1, 'Jasa Service + Cuci AC', 'Unit', 65000, '2020-07-11 05:00:10', '2020-07-11 05:00:10', 41),
(352, 1, 'Jasa Pemeliharaan Kebersihan Bulan Januari - Maret 2020', 'Bln', 450000, '2020-07-11 05:00:10', '2020-07-11 05:00:10', 42),
(353, 1, 'Pelatihan Guru Senam Pelajar Indonesia', 'All', 700000, '2020-07-11 05:00:10', '2020-07-11 05:00:10', 43),
(354, 1, 'Transport Workshop Bahasa di Teknokrat', 'All', 450000, '2020-07-11 05:00:10', '2020-07-11 05:00:10', 44),
(355, 1, 'Workshop Manajemen Bisnis di Teknokrat', 'All', 350000, '2020-07-11 05:00:10', '2020-07-11 05:00:10', 44);

-- --------------------------------------------------------

--
-- Table structure for table `b_k_u_s`
--

CREATE TABLE `b_k_u_s` (
  `id` bigint(20) UNSIGNED NOT NULL,
  `nota_id` bigint(20) UNSIGNED NOT NULL,
  `pajak` int(11) DEFAULT NULL,
  `pph` int(11) DEFAULT NULL,
  `created_at` timestamp NULL DEFAULT NULL,
  `updated_at` timestamp NULL DEFAULT NULL
) ENGINE=InnoDB DEFAULT CHARSET=utf8mb4 COLLATE=utf8mb4_unicode_ci;

--
-- Dumping data for table `b_k_u_s`
--

INSERT INTO `b_k_u_s` (`id`, `nota_id`, `pajak`, `pph`, `created_at`, `updated_at`) VALUES
(1, 1, NULL, NULL, '2020-07-11 05:14:39', '2020-07-11 05:14:39'),
(2, 1, NULL, NULL, '2020-07-11 05:20:03', '2020-07-11 05:20:03'),
(3, 1, NULL, NULL, '2020-07-12 00:37:46', '2020-07-12 00:37:46'),
(4, 1, NULL, NULL, '2020-07-12 00:40:41', '2020-07-12 00:40:41'),
(5, 1, NULL, NULL, '2020-07-12 00:43:22', '2020-07-12 00:43:22'),
(6, 1, NULL, NULL, '2020-07-12 00:50:41', '2020-07-12 00:50:41'),
(7, 1, NULL, NULL, '2020-07-12 00:54:27', '2020-07-12 00:54:27'),
(8, 1, NULL, NULL, '2020-07-12 00:56:25', '2020-07-12 00:56:25'),
(9, 1, NULL, NULL, '2020-07-12 01:00:03', '2020-07-12 01:00:03'),
(10, 1, NULL, NULL, '2020-07-12 01:26:12', '2020-07-12 01:26:12'),
(11, 1, NULL, NULL, '2020-07-12 01:28:04', '2020-07-12 01:28:04'),
(12, 1, NULL, NULL, '2020-07-12 01:29:36', '2020-07-12 01:29:36'),
(13, 1, NULL, NULL, '2020-07-12 01:33:39', '2020-07-12 01:33:39'),
(14, 1, NULL, NULL, '2020-07-12 01:39:40', '2020-07-12 01:39:40'),
(15, 1, NULL, NULL, '2020-07-12 01:42:26', '2020-07-12 01:42:26'),
(16, 1, NULL, NULL, '2020-07-12 01:43:55', '2020-07-12 01:43:55'),
(17, 1, NULL, NULL, '2020-07-12 01:44:55', '2020-07-12 01:44:55'),
(18, 1, NULL, NULL, '2020-07-12 01:54:47', '2020-07-12 01:54:47'),
(19, 1, NULL, NULL, '2020-07-12 01:57:55', '2020-07-12 01:57:55'),
(20, 1, NULL, NULL, '2020-07-12 02:00:57', '2020-07-12 02:00:57'),
(21, 1, NULL, NULL, '2020-07-12 02:03:36', '2020-07-12 02:03:36'),
(22, 1, NULL, NULL, '2020-07-12 02:04:19', '2020-07-12 02:04:19'),
(23, 1, NULL, NULL, '2020-07-12 02:06:34', '2020-07-12 02:06:34'),
(24, 1, NULL, NULL, '2020-07-12 02:07:23', '2020-07-12 02:07:23');

-- --------------------------------------------------------

--
-- Table structure for table `danas`
--

CREATE TABLE `danas` (
  `id` bigint(20) UNSIGNED NOT NULL,
  `tahap_id` bigint(20) UNSIGNED NOT NULL,
  `tanggal` date NOT NULL,
  `tanggal_bku` date NOT NULL,
  `dana` int(11) NOT NULL,
  `tipe` text COLLATE utf8mb4_unicode_ci NOT NULL,
  `ket` text COLLATE utf8mb4_unicode_ci NOT NULL,
  `created_at` timestamp NULL DEFAULT NULL,
  `updated_at` timestamp NULL DEFAULT NULL
) ENGINE=InnoDB DEFAULT CHARSET=utf8mb4 COLLATE=utf8mb4_unicode_ci;

--
-- Dumping data for table `danas`
--

INSERT INTO `danas` (`id`, `tahap_id`, `tanggal`, `tanggal_bku`, `dana`, `tipe`, `ket`, `created_at`, `updated_at`) VALUES
(1, 1, '2020-04-15', '2020-04-15', 421920000, 'Masuk', 'Penarikan Dana 1', '2020-07-11 04:42:58', '2020-07-11 04:42:58'),
(2, 1, '2020-04-21', '2019-10-10', 200000000, 'Tarik', 'Penarikan Dana 1', '2020-07-11 04:42:58', '2020-07-11 04:42:58'),
(3, 1, '2020-04-30', '2020-02-15', 221920000, 'Tarik', 'Penarikan Dana 2', '2020-07-11 04:42:58', '2020-07-11 04:42:58');

-- --------------------------------------------------------

--
-- Table structure for table `failed_jobs`
--

CREATE TABLE `failed_jobs` (
  `id` bigint(20) UNSIGNED NOT NULL,
  `connection` text COLLATE utf8mb4_unicode_ci NOT NULL,
  `queue` text COLLATE utf8mb4_unicode_ci NOT NULL,
  `payload` longtext COLLATE utf8mb4_unicode_ci NOT NULL,
  `exception` longtext COLLATE utf8mb4_unicode_ci NOT NULL,
  `failed_at` timestamp NOT NULL DEFAULT current_timestamp()
) ENGINE=InnoDB DEFAULT CHARSET=utf8mb4 COLLATE=utf8mb4_unicode_ci;

-- --------------------------------------------------------

--
-- Table structure for table `histories`
--

CREATE TABLE `histories` (
  `id` bigint(20) UNSIGNED NOT NULL,
  `user` varchar(255) COLLATE utf8mb4_unicode_ci NOT NULL,
  `info` varchar(255) COLLATE utf8mb4_unicode_ci NOT NULL,
  `desc_info` varchar(255) COLLATE utf8mb4_unicode_ci NOT NULL,
  `created_at` timestamp NULL DEFAULT NULL,
  `updated_at` timestamp NULL DEFAULT NULL
) ENGINE=InnoDB DEFAULT CHARSET=utf8mb4 COLLATE=utf8mb4_unicode_ci;

--
-- Dumping data for table `histories`
--

INSERT INTO `histories` (`id`, `user`, `info`, `desc_info`, `created_at`, `updated_at`) VALUES
(1, 'Admin', 'Tambah', 'Data Toko DLH', '2020-07-11 04:58:39', '2020-07-11 04:58:39'),
(2, 'Admin', 'Tambah', 'Data Toko Ery Nugroho', '2020-07-11 04:59:14', '2020-07-11 04:59:14'),
(3, 'Admin', 'Tambah', 'Data Toko Teknokrat', '2020-07-11 04:59:34', '2020-07-11 04:59:34'),
(4, 'Admin', 'Tambah', 'Data Sub Komponen Pengandaan Formulir, Publikasi Dan Pengumuman PPDB', '2020-07-11 05:03:06', '2020-07-11 05:03:06'),
(5, 'Admin', 'Tambah', 'Data Sub Komponen Biaya Layanan PPDB Dan Jaringan', '2020-07-11 05:03:23', '2020-07-11 05:03:23'),
(6, 'Admin', 'Tambah', 'Data Sub Komponen Biaya kegiatan Pengenalan Lingkungan Sekolah', '2020-07-11 05:03:34', '2020-07-11 05:03:34'),
(7, 'Admin', 'Tambah', 'Data Sub Komponen Biaya Penentuan Peminatan, Tes Bakat / Potensi', '2020-07-11 05:04:01', '2020-07-11 05:04:01'),
(8, 'Admin', 'Tambah', 'Data Sub Komponen Biaya Pendataan Ulang Bagi Peserta Didik Lama', '2020-07-11 05:04:12', '2020-07-11 05:04:12'),
(9, 'Admin', 'Tambah', 'Data Sub Komponen Biaya PPDB ( ATK ), Konsum Dan relevan', '2020-07-11 05:04:25', '2020-07-11 05:04:25'),
(10, 'Admin', 'Tambah', 'Data Sub Komponen Kegiatan Pembelajaran', '2020-07-11 05:04:58', '2020-07-11 05:04:58'),
(11, 'Admin', 'Tambah', 'Data Sub Komponen Pengadaan Alat Habis pakai', '2020-07-11 05:05:11', '2020-07-11 05:05:11'),
(12, 'Admin', 'Tambah', 'Data Sub Komponen Pembelian Bahan Habis Pakai', '2020-07-11 05:05:26', '2020-07-11 05:05:26'),
(13, 'Admin', 'Tambah', 'Data Sub Komponen Pembiayaan U/ Kegiatan Pembelajaran Intrakurikuler', '2020-07-11 05:05:41', '2020-07-11 05:05:41'),
(14, 'Admin', 'Tambah', 'Data Sub Komponen Remedial / Pengayaan', '2020-07-11 05:06:04', '2020-07-11 05:06:04'),
(15, 'Admin', 'Tambah', 'Data Sub Komponen Pemantapan Ujian Nasional', '2020-07-11 05:06:22', '2020-07-11 05:06:22'),
(16, 'Admin', 'Tambah', 'Data Sub Komponen Pelaksanaan Try Out', '2020-07-11 05:06:44', '2020-07-11 05:06:44'),
(17, 'Admin', 'Tambah', 'Data Sub Komponen Biaya Mengemb Media Pembljran ( Buku ElrktroniK )', '2020-07-11 05:06:59', '2020-07-11 05:06:59'),
(18, 'Admin', 'Tambah', 'Data Sub Komponen Pemb / Langganan Buku Digital atau Aplikasi Pmbljran', '2020-07-11 05:07:18', '2020-07-11 05:07:18'),
(19, 'Admin', 'Tambah', 'Data Sub Komponen Pemb Perangkat Lunak / Peranti asli dlm Pembelajaran', '2020-07-11 05:07:30', '2020-07-11 05:07:30'),
(20, 'Admin', 'Tambah', 'Data Sub Komponen Pengemb Keg Pembelajran lain Yang Relevan', '2020-07-11 05:07:54', '2020-07-11 05:07:54'),
(21, 'Admin', 'Ubah', 'Data Sub Komponen Pengemb Keg Pembelajran lain Yang Relevan', '2020-07-11 05:08:20', '2020-07-11 05:08:20'),
(22, 'Admin', 'Tambah', 'Data Sub Komponen Pengemb Kegiatan Literasi, Karakter , Sekolah Sehat', '2020-07-11 05:08:40', '2020-07-11 05:08:40'),
(23, 'Admin', 'Tambah', 'Data Sub Komponen Pembiayaan Keg Pembinaan Siswa Ekstrakurikuler', '2020-07-11 05:09:12', '2020-07-11 05:09:12'),
(24, 'Admin', 'Tambah', 'Data Sub Komponen Peny Keg Eskul yang sesuai dg Kebutuhan Sekolah', '2020-07-11 05:09:26', '2020-07-11 05:09:26'),
(25, 'Admin', 'Tambah', 'Data Sub Komponen Pembiayaan Mengikuti Kegiatan Lomba didalam Negeri', '2020-07-11 05:09:40', '2020-07-11 05:09:40'),
(26, 'Admin', 'Tambah', 'Data Sub Komponen Pembiayaan Relevan dl menunjang Keg Eskul', '2020-07-11 05:09:54', '2020-07-11 05:09:54'),
(27, 'Admin', 'Tambah', 'Data Sub Komponen Pembiayaan Penyelenggaraan Ujian', '2020-07-11 05:11:09', '2020-07-11 05:11:09'),
(28, 'Admin', 'Tambah', 'Data Sub Komponen Pembiayaan Yang Relevan Keg Evaluasi Pembelajaaran', '2020-07-11 05:11:21', '2020-07-11 05:11:21'),
(29, 'Admin', 'Tambah', 'Data Nota Pengadaan Alat Habis pakai', '2020-07-11 05:14:39', '2020-07-11 05:14:39'),
(30, 'Admin', 'Tambah', 'Data Barang Mouse USB Logitech', '2020-07-11 05:19:18', '2020-07-11 05:19:18'),
(31, 'Admin', 'Tambah', 'Data Barang Key Board Logitech MK100', '2020-07-11 05:19:29', '2020-07-11 05:19:29'),
(32, 'Admin', 'Tambah', 'Data Nota Pengadaan Alat Habis pakai', '2020-07-11 05:20:03', '2020-07-11 05:20:03'),
(33, 'Admin', 'Tambah', 'Data Barang Baterai 9 Volt', '2020-07-11 05:20:30', '2020-07-11 05:20:30'),
(34, 'Admin', 'Tambah', 'Data Barang Timah Solder', '2020-07-11 05:20:52', '2020-07-11 05:20:52'),
(35, 'Admin', 'Tambah', 'Data Barang RJ 45', '2020-07-11 05:21:52', '2020-07-11 05:21:52'),
(36, 'Admin', 'Tambah', 'Data Barang Catride IP 1600 C / Black', '2020-07-11 05:22:05', '2020-07-11 05:22:05'),
(37, 'Admin', 'Tambah', 'Data Barang Catride IP 1600 Colour', '2020-07-11 05:22:14', '2020-07-11 05:22:14'),
(38, 'Admin', 'Ubah', 'Data Nota Pengadaan Alat Habis pakai', '2020-07-11 05:28:24', '2020-07-11 05:28:24'),
(39, 'Admin', 'Ubah', 'Data Nota Pengadaan Alat Habis pakai', '2020-07-12 00:36:33', '2020-07-12 00:36:33'),
(40, 'Admin', 'Ubah', 'Data Nota Pengadaan Alat Habis pakai', '2020-07-12 00:37:13', '2020-07-12 00:37:13'),
(41, 'Admin', 'Tambah', 'Data Nota Pengadaan Alat Habis pakai', '2020-07-12 00:37:46', '2020-07-12 00:37:46'),
(42, 'Admin', 'Tambah', 'Data Barang Hub D-Link 8 port', '2020-07-12 00:38:02', '2020-07-12 00:38:02'),
(43, 'Admin', 'Tambah', 'Data Barang Hub Tp Link 24 P0rt', '2020-07-12 00:38:14', '2020-07-12 00:38:14'),
(44, 'Admin', 'Tambah', 'Data Barang Lancard TP-Link PCI TF 3905', '2020-07-12 00:38:28', '2020-07-12 00:38:28'),
(45, 'Admin', 'Tambah', 'Data Barang Lancard TP-Link PCI TG 3269', '2020-07-12 00:38:56', '2020-07-12 00:38:56'),
(46, 'Admin', 'Tambah', 'Data Barang Access Point TL WA511 OG', '2020-07-12 00:39:06', '2020-07-12 00:39:06'),
(47, 'Admin', 'Tambah', 'Data Nota Pengadaan Alat Habis pakai', '2020-07-12 00:40:41', '2020-07-12 00:40:41'),
(48, 'Admin', 'Tambah', 'Data Barang DVD -RW Asus Sata', '2020-07-12 00:40:58', '2020-07-12 00:40:58'),
(49, 'Admin', 'Tambah', 'Data Barang Hard Disk Eksternal', '2020-07-12 00:41:10', '2020-07-12 00:41:10'),
(50, 'Admin', 'Tambah', 'Data Barang Lan Taster cable', '2020-07-12 00:41:22', '2020-07-12 00:41:22'),
(51, 'Admin', 'Tambah', 'Data Barang Switch 16 Port', '2020-07-12 00:41:41', '2020-07-12 00:41:41'),
(52, 'Admin', 'Tambah', 'Data Nota Pengadaan Alat Habis pakai', '2020-07-12 00:43:22', '2020-07-12 00:43:22'),
(53, 'Admin', 'Ubah', 'Data Nota Pengadaan Alat Habis pakai', '2020-07-12 00:43:34', '2020-07-12 00:43:34'),
(54, 'Admin', 'Ubah', 'Data Nota Pengadaan Alat Habis pakai', '2020-07-12 00:43:58', '2020-07-12 00:43:58'),
(55, 'Admin', 'Tambah', 'Data Barang Display LED 20\"', '2020-07-12 00:49:24', '2020-07-12 00:49:24'),
(56, 'Admin', 'Tambah', 'Data Barang Hardisk External', '2020-07-12 00:49:36', '2020-07-12 00:49:36'),
(57, 'Admin', 'Tambah', 'Data Nota Pengadaan Alat Habis pakai', '2020-07-12 00:50:41', '2020-07-12 00:50:41'),
(58, 'Admin', 'Tambah', 'Data Barang Transport Pembelian ATK 2', '2020-07-12 00:50:58', '2020-07-12 00:50:58'),
(59, 'Admin', 'Tambah', 'Data Nota Pengadaan Alat Habis pakai', '2020-07-12 00:54:27', '2020-07-12 00:54:27'),
(60, 'Admin', 'Tambah', 'Data Barang Tang Crimping', '2020-07-12 00:54:41', '2020-07-12 00:54:41'),
(61, 'Admin', 'Tambah', 'Data Barang Tester Cable', '2020-07-12 00:54:55', '2020-07-12 00:54:55'),
(62, 'Admin', 'Tambah', 'Data Nota Pengadaan Alat Habis pakai', '2020-07-12 00:56:25', '2020-07-12 00:56:25'),
(63, 'Admin', 'Tambah', 'Data Barang SSD 480 GB', '2020-07-12 00:56:42', '2020-07-12 00:56:42'),
(64, 'Admin', 'Tambah', 'Data Barang Hardisk External', '2020-07-12 00:57:13', '2020-07-12 00:57:13'),
(65, 'Admin', 'Hapus', 'Data Barang Hardisk External', '2020-07-12 00:57:57', '2020-07-12 00:57:57'),
(66, 'Admin', 'Tambah', 'Data Nota Pembelian Bahan Habis Pakai', '2020-07-12 01:00:03', '2020-07-12 01:00:03'),
(67, 'Admin', 'Tambah', 'Data Barang Map Folio Snelhecter Plastik', '2020-07-12 01:00:21', '2020-07-12 01:00:21'),
(68, 'Admin', 'Tambah', 'Data Barang Map Folio Snelhecter Transparan', '2020-07-12 01:00:33', '2020-07-12 01:00:33'),
(69, 'Admin', 'Tambah', 'Data Barang Kertas Bufalo', '2020-07-12 01:01:00', '2020-07-12 01:01:00'),
(70, 'Admin', 'Tambah', 'Data Barang Plastik Mica Film', '2020-07-12 01:01:11', '2020-07-12 01:01:11'),
(71, 'Admin', 'Tambah', 'Data Nota Pembelian Bahan Habis Pakai', '2020-07-12 01:26:12', '2020-07-12 01:26:12'),
(72, 'Admin', 'Tambah', 'Data Barang Kertas Lakmus', '2020-07-12 01:26:24', '2020-07-12 01:26:24'),
(73, 'Admin', 'Tambah', 'Data Barang Larutan NAOH', '2020-07-12 01:26:36', '2020-07-12 01:26:36'),
(74, 'Admin', 'Tambah', 'Data Barang Bunsen', '2020-07-12 01:26:53', '2020-07-12 01:26:53'),
(75, 'Admin', 'Tambah', 'Data Barang Spatula', '2020-07-12 01:27:06', '2020-07-12 01:27:06'),
(76, 'Admin', 'Tambah', 'Data Nota Pembelian Bahan Habis Pakai', '2020-07-12 01:28:04', '2020-07-12 01:28:04'),
(77, 'Admin', 'Tambah', 'Data Barang Buku Gambar Tg', '2020-07-12 01:28:17', '2020-07-12 01:28:17'),
(78, 'Admin', 'Tambah', 'Data Barang Kuas Kc No.9', '2020-07-12 01:28:29', '2020-07-12 01:28:29'),
(79, 'Admin', 'Tambah', 'Data Barang Wadah Cat Air', '2020-07-12 01:28:40', '2020-07-12 01:28:40'),
(80, 'Admin', 'Tambah', 'Data Barang Crayon', '2020-07-12 01:28:50', '2020-07-12 01:28:50'),
(81, 'Admin', 'Tambah', 'Data Barang Spidol warna', '2020-07-12 01:29:01', '2020-07-12 01:29:01'),
(82, 'Admin', 'Tambah', 'Data Nota Pembelian Bahan Habis Pakai', '2020-07-12 01:29:36', '2020-07-12 01:29:36'),
(83, 'Admin', 'Tambah', 'Data Barang CD R', '2020-07-12 01:29:51', '2020-07-12 01:29:51'),
(84, 'Admin', 'Tambah', 'Data Barang DVD R', '2020-07-12 01:30:06', '2020-07-12 01:30:06'),
(85, 'Admin', 'Tambah', 'Data Nota Pembelian Bahan Habis Pakai', '2020-07-12 01:33:39', '2020-07-12 01:33:39'),
(86, 'Admin', 'Tambah', 'Data Barang Bola Voly  Mikasa', '2020-07-12 01:34:08', '2020-07-12 01:34:08'),
(87, 'Admin', 'Tambah', 'Data Barang Bola Basket Mikasa', '2020-07-12 01:35:58', '2020-07-12 01:35:58'),
(88, 'Admin', 'Tambah', 'Data Barang Bola Kaki', '2020-07-12 01:36:24', '2020-07-12 01:36:24'),
(89, 'Admin', 'Tambah', 'Data Barang Bola Futsal Mikasa', '2020-07-12 01:36:33', '2020-07-12 01:36:33'),
(90, 'Admin', 'Tambah', 'Data Nota Pembelian Bahan Habis Pakai', '2020-07-12 01:39:40', '2020-07-12 01:39:40'),
(91, 'Admin', 'Ubah', 'Data Nota Pembelian Bahan Habis Pakai', '2020-07-12 01:39:54', '2020-07-12 01:39:54'),
(92, 'Admin', 'Tambah', 'Data Barang Buku Tulis Sd Folio S.50', '2020-07-12 01:40:10', '2020-07-12 01:40:10'),
(93, 'Admin', 'Tambah', 'Data Barang Buku Tulis Sd Folio.100', '2020-07-12 01:40:51', '2020-07-12 01:40:51'),
(94, 'Admin', 'Tambah', 'Data Barang Buku Tulis Sidu S.58', '2020-07-12 01:41:06', '2020-07-12 01:41:06'),
(95, 'Admin', 'Tambah', 'Data Barang Buku Tulis Bigbos', '2020-07-12 01:41:31', '2020-07-12 01:41:31'),
(96, 'Admin', 'Tambah', 'Data Nota Pembelian Bahan Habis Pakai', '2020-07-12 01:42:26', '2020-07-12 01:42:26'),
(97, 'Admin', 'Tambah', 'Data Barang Kabel Belden  / UPT', '2020-07-12 01:42:38', '2020-07-12 01:42:38'),
(98, 'Admin', 'Tambah', 'Data Barang Kabel Sneder', '2020-07-12 01:43:07', '2020-07-12 01:43:07'),
(99, 'Admin', 'Tambah', 'Data Nota Pembelian Bahan Habis Pakai', '2020-07-12 01:43:55', '2020-07-12 01:43:55'),
(100, 'Admin', 'Tambah', 'Data Barang Kabel ET  2 x 1,5 ', '2020-07-12 01:44:08', '2020-07-12 01:44:08'),
(101, 'Admin', 'Tambah', 'Data Nota Pembelian Bahan Habis Pakai', '2020-07-12 01:44:55', '2020-07-12 01:44:55'),
(102, 'Admin', 'Tambah', 'Data Barang Buku Tulis Sd Folio S.50', '2020-07-12 01:45:16', '2020-07-12 01:45:16'),
(103, 'Admin', 'Tambah', 'Data Barang Buku Tulis Sd Folio.100', '2020-07-12 01:45:35', '2020-07-12 01:45:35'),
(104, 'Admin', 'Tambah', 'Data Barang Buku Tulis Sidu S.58', '2020-07-12 01:45:48', '2020-07-12 01:45:48'),
(105, 'Admin', 'Tambah', 'Data Nota Pembelian Bahan Habis Pakai', '2020-07-12 01:54:47', '2020-07-12 01:54:47'),
(106, 'Admin', 'Tambah', 'Data Barang Glecerin', '2020-07-12 01:55:14', '2020-07-12 01:55:14'),
(107, 'Admin', 'Tambah', 'Data Barang Glukosa', '2020-07-12 01:55:24', '2020-07-12 01:55:24'),
(108, 'Admin', 'Tambah', 'Data Barang Anonium Chioride', '2020-07-12 01:55:34', '2020-07-12 01:55:34'),
(109, 'Admin', 'Tambah', 'Data Barang Alkohol 1L 70', '2020-07-12 01:55:45', '2020-07-12 01:55:45'),
(110, 'Admin', 'Tambah', 'Data Barang Alkohol 1L 96', '2020-07-12 01:56:04', '2020-07-12 01:56:04'),
(111, 'Admin', 'Hapus', 'Data Barang Alkohol 1L 70', '2020-07-12 01:56:14', '2020-07-12 01:56:14'),
(112, 'Admin', 'Tambah', 'Data Barang Alkohol 1L 70', '2020-07-12 01:56:25', '2020-07-12 01:56:25'),
(113, 'Admin', 'Tambah', 'Data Nota Pembelian Bahan Habis Pakai', '2020-07-12 01:57:55', '2020-07-12 01:57:55'),
(114, 'Admin', 'Tambah', 'Data Barang Transport Pembelian Bahan Habis Pakai', '2020-07-12 01:58:06', '2020-07-12 01:58:06'),
(115, 'Admin', 'Tambah', 'Data Nota Peny Keg Eskul yang sesuai dg Kebutuhan Sekolah', '2020-07-12 02:00:57', '2020-07-12 02:00:57'),
(116, 'Admin', 'Tambah', 'Data Barang Transpor P Eskul Jan : 13-01-2020', '2020-07-12 02:02:42', '2020-07-12 02:02:42'),
(117, 'Admin', 'Tambah', 'Data Nota Peny Keg Eskul yang sesuai dg Kebutuhan Sekolah', '2020-07-12 02:03:36', '2020-07-12 02:03:36'),
(118, 'Admin', 'Tambah', 'Data Barang Transpor P Eskul Feb : 12-02-2020', '2020-07-12 02:03:46', '2020-07-12 02:03:46'),
(119, 'Admin', 'Tambah', 'Data Nota Peny Keg Eskul yang sesuai dg Kebutuhan Sekolah', '2020-07-12 02:04:19', '2020-07-12 02:04:19'),
(120, 'Admin', 'Tambah', 'Data Barang Transpor P Eskul Mar : 13-03-2020', '2020-07-12 02:04:27', '2020-07-12 02:04:27'),
(121, 'Admin', 'Tambah', 'Data Nota Pembiayaan Mengikuti Kegiatan Lomba didalam Negeri', '2020-07-12 02:06:34', '2020-07-12 02:06:34'),
(122, 'Admin', 'Tambah', 'Data Barang Lomba PRC Pesawaran IV', '2020-07-12 02:06:51', '2020-07-12 02:06:51'),
(123, 'Admin', 'Tambah', 'Data Nota Pembiayaan Mengikuti Kegiatan Lomba didalam Negeri', '2020-07-12 02:07:23', '2020-07-12 02:07:23'),
(124, 'Admin', 'Tambah', 'Data Barang Perkemahan Tamu Ambalan', '2020-07-12 02:07:35', '2020-07-12 02:07:35');

-- --------------------------------------------------------

--
-- Table structure for table `komponens`
--

CREATE TABLE `komponens` (
  `id` bigint(20) UNSIGNED NOT NULL,
  `tahap_id` bigint(20) UNSIGNED NOT NULL,
  `kode_komponen` varchar(5) COLLATE utf8mb4_unicode_ci NOT NULL,
  `komponen` varchar(255) COLLATE utf8mb4_unicode_ci NOT NULL,
  `created_at` timestamp NULL DEFAULT NULL,
  `updated_at` timestamp NULL DEFAULT NULL
) ENGINE=InnoDB DEFAULT CHARSET=utf8mb4 COLLATE=utf8mb4_unicode_ci;

--
-- Dumping data for table `komponens`
--

INSERT INTO `komponens` (`id`, `tahap_id`, `kode_komponen`, `komponen`, `created_at`, `updated_at`) VALUES
(1, 1, 'A', 'PENGEMBANGAN PERPUSTAKAAN', '2020-07-11 04:42:58', '2020-07-11 04:42:58'),
(2, 1, 'B', 'PENERIMAAN PESERTA DIDIK BARU (PPDB)', '2020-07-11 04:42:58', '2020-07-11 04:42:58'),
(3, 1, 'C', 'KEGIATAN PEMBELAJARAN INTRA DAN EKTRA KURIKULER', '2020-07-11 04:42:58', '2020-07-11 04:42:58'),
(4, 1, 'D', 'KEGIATAN EVALUASI PEMBELAJARAN', '2020-07-11 04:42:58', '2020-07-11 04:42:58'),
(5, 1, 'E', 'ADMINISTRASI KEGIATAN SEKOLAH', '2020-07-11 04:42:58', '2020-07-11 04:42:58'),
(6, 1, 'F', 'PENG PROFESI GURU DAN TENAGA KEPENDIDIKAN SERTA PENGEMBANGAN MANAJEMEN SEKOLAH', '2020-07-11 04:42:58', '2020-07-11 04:42:58'),
(7, 1, 'G', 'LANGGANAN DAYA DAN JASA', '2020-07-11 04:42:58', '2020-07-11 04:42:58'),
(8, 1, 'H', 'PEMELIHAARAAN SARANA PRASARANA SEKOLAH', '2020-07-11 04:42:58', '2020-07-11 04:42:58'),
(9, 1, 'I', 'PENYEDIAAN ALAT MULTI MEDIA PEMBELAJARAN', '2020-07-11 04:42:58', '2020-07-11 04:42:58'),
(10, 1, 'J', 'BIAYA BURSA KERJA KHUSUS/PRAKERIN / LSP-1', '2020-07-11 04:42:58', '2020-07-11 04:42:58'),
(11, 1, 'K', 'PENY UJI KOMPETENSI DAN SERTIFIKASI KEJURUAN', '2020-07-11 04:42:58', '2020-07-11 04:42:58'),
(12, 1, 'L', 'PEMBAYARAN HONOR', '2020-07-11 04:42:58', '2020-07-11 04:42:58');

-- --------------------------------------------------------

--
-- Table structure for table `metas`
--

CREATE TABLE `metas` (
  `id` bigint(20) UNSIGNED NOT NULL,
  `meta_key` varchar(255) COLLATE utf8mb4_unicode_ci NOT NULL,
  `meta_value` varchar(255) COLLATE utf8mb4_unicode_ci NOT NULL,
  `created_at` timestamp NULL DEFAULT NULL,
  `updated_at` timestamp NULL DEFAULT NULL,
  `tahap_id` bigint(20) UNSIGNED NOT NULL
) ENGINE=InnoDB DEFAULT CHARSET=utf8mb4 COLLATE=utf8mb4_unicode_ci;

--
-- Dumping data for table `metas`
--

INSERT INTO `metas` (`id`, `meta_key`, `meta_value`, `created_at`, `updated_at`, `tahap_id`) VALUES
(1, 'Jenis Kegiatan', 'Bantuan Operasional Sekolah', '2020-07-11 04:42:58', '2020-07-11 04:42:58', 1),
(2, 'Pemberi Bantuan', 'Direktorat Pembinaan SMK DIKNAS Pusat', '2020-07-11 04:42:58', '2020-07-11 04:42:58', 1),
(3, 'Bulan', 'Januari - Maret', '2020-07-11 04:42:58', '2020-07-11 04:42:58', 1),
(4, 'Revisi RAB', '', '2020-07-11 04:42:58', '2020-07-11 04:42:58', 1),
(5, 'Jenis Kegiatan', 'Bantuan Operasional Sekolah', '2020-07-11 04:42:58', '2020-07-11 04:42:58', 2),
(6, 'Pemberi Bantuan', 'Direktorat Pembinaan SMK DIKNAS Pusat', '2020-07-11 04:42:58', '2020-07-11 04:42:58', 2),
(7, 'Bulan', 'Januari - Maret', '2020-07-11 04:42:58', '2020-07-11 04:42:58', 2),
(8, 'Revisi RAB', '', '2020-07-11 04:42:58', '2020-07-11 04:42:58', 2),
(9, 'Jenis Kegiatan', 'Bantuan Operasional Sekolah', '2020-07-11 04:42:58', '2020-07-11 04:42:58', 3),
(10, 'Pemberi Bantuan', 'Direktorat Pembinaan SMK DIKNAS Pusat', '2020-07-11 04:42:58', '2020-07-11 04:42:58', 3),
(11, 'Bulan', 'Januari - Maret', '2020-07-11 04:42:58', '2020-07-11 04:42:58', 3),
(12, 'Revisi RAB', '', '2020-07-11 04:42:58', '2020-07-11 04:42:58', 3),
(13, 'Jenis Kegiatan', 'Bantuan Operasional Sekolah', '2020-07-11 04:42:58', '2020-07-11 04:42:58', 4),
(14, 'Pemberi Bantuan', 'Direktorat Pembinaan SMK DIKNAS Pusat', '2020-07-11 04:42:58', '2020-07-11 04:42:58', 4),
(15, 'Bulan', 'Januari - Maret', '2020-07-11 04:42:58', '2020-07-11 04:42:58', 4),
(16, 'Revisi RAB', '', '2020-07-11 04:42:58', '2020-07-11 04:42:58', 4);

-- --------------------------------------------------------

--
-- Table structure for table `migrations`
--

CREATE TABLE `migrations` (
  `id` int(10) UNSIGNED NOT NULL,
  `migration` varchar(255) COLLATE utf8mb4_unicode_ci NOT NULL,
  `batch` int(11) NOT NULL
) ENGINE=InnoDB DEFAULT CHARSET=utf8mb4 COLLATE=utf8mb4_unicode_ci;

--
-- Dumping data for table `migrations`
--

INSERT INTO `migrations` (`id`, `migration`, `batch`) VALUES
(1, '2014_10_12_000000_create_users_table', 1),
(2, '2014_10_12_100000_create_password_resets_table', 1),
(3, '2019_08_19_000000_create_failed_jobs_table', 1),
(4, '2020_06_17_074848_create_tahuns_table', 1),
(5, '2020_06_17_074918_create_profils_table', 1),
(6, '2020_06_17_074927_create_metas_table', 1),
(7, '2020_06_17_074938_create_tahaps_table', 1),
(8, '2020_06_17_074957_create_danas_table', 1),
(9, '2020_06_17_075008_create_saldos_table', 1),
(10, '2020_06_17_075029_create_komponens_table', 1),
(11, '2020_06_17_075039_create_barangs_table', 1),
(12, '2020_06_17_075057_create_sub_komponens_table', 1),
(13, '2020_06_17_075114_create_notas_table', 1),
(14, '2020_06_17_075131_create_nota_barangs_table', 1),
(15, '2020_06_17_075145_create_b_k_u_s_table', 1),
(16, '2020_06_17_121302_create_histories_table', 1),
(17, '2020_06_23_194633_create_tokos_table', 1),
(18, '2020_06_23_194959_alter_toko_id_to_notas', 1),
(19, '2020_06_24_104232_alter_tahap_id_to_meta', 1),
(20, '2020_07_06_075639_alter_toko_id_to_barang', 1);

-- --------------------------------------------------------

--
-- Table structure for table `notas`
--

CREATE TABLE `notas` (
  `id` bigint(20) UNSIGNED NOT NULL,
  `sub_komponen_id` bigint(20) UNSIGNED NOT NULL,
  `uraian` varchar(255) COLLATE utf8mb4_unicode_ci DEFAULT NULL,
  `kode_rek` varchar(255) COLLATE utf8mb4_unicode_ci DEFAULT NULL,
  `tanggal` date NOT NULL,
  `tanggal_bku` date DEFAULT NULL,
  `kode_pajak` varchar(255) COLLATE utf8mb4_unicode_ci NOT NULL,
  `kode_pph` varchar(255) COLLATE utf8mb4_unicode_ci NOT NULL,
  `created_at` timestamp NULL DEFAULT NULL,
  `updated_at` timestamp NULL DEFAULT NULL,
  `toko_id` bigint(20) UNSIGNED NOT NULL
) ENGINE=InnoDB DEFAULT CHARSET=utf8mb4 COLLATE=utf8mb4_unicode_ci;

--
-- Dumping data for table `notas`
--

INSERT INTO `notas` (`id`, `sub_komponen_id`, `uraian`, `kode_rek`, `tanggal`, `tanggal_bku`, `kode_pajak`, `kode_pph`, `created_at`, `updated_at`, `toko_id`) VALUES
(1, 16, NULL, NULL, '2020-01-08', '2020-04-22', 'T', '22', '2020-07-11 05:14:39', '2020-07-12 00:36:33', 25),
(2, 16, NULL, NULL, '2020-01-08', '2020-04-22', 'T', '22', '2020-07-11 05:20:03', '2020-07-12 00:37:13', 14),
(3, 16, NULL, NULL, '2020-01-10', '2020-04-22', 'T', '22', '2020-07-12 00:37:46', '2020-07-12 00:37:46', 24),
(4, 16, NULL, NULL, '2020-01-10', '2020-04-22', 'T', '22', '2020-07-12 00:40:41', '2020-07-12 00:40:41', 27),
(5, 16, NULL, NULL, '2020-01-14', '2020-04-24', 'T', '22', '2020-07-12 00:43:22', '2020-07-12 00:43:58', 26),
(6, 16, NULL, NULL, '2020-01-10', '2020-04-22', 'F', '-', '2020-07-12 00:50:41', '2020-07-12 00:50:41', 20),
(7, 16, NULL, NULL, '2020-01-11', '2020-04-23', 'T', '22', '2020-07-12 00:54:27', '2020-07-12 00:54:27', 14),
(8, 16, NULL, NULL, '2020-01-16', '2020-04-25', 'T', '22', '2020-07-12 00:56:25', '2020-07-12 00:56:25', 26),
(9, 17, NULL, NULL, '2020-01-22', '2020-04-25', 'T', '22', '2020-07-12 01:00:03', '2020-07-12 01:00:03', 9),
(10, 17, NULL, NULL, '2020-01-15', '2020-04-25', 'T', '22', '2020-07-12 01:26:12', '2020-07-12 01:26:12', 1),
(11, 17, NULL, NULL, '2020-01-28', '2020-04-27', 'F', '-', '2020-07-12 01:28:04', '2020-07-12 01:28:04', 4),
(12, 17, NULL, NULL, '2020-01-20', '2020-04-25', 'T', '22', '2020-07-12 01:29:36', '2020-07-12 01:29:36', 25),
(13, 17, NULL, NULL, '2020-01-17', '2020-04-25', 'T', '22', '2020-07-12 01:33:39', '2020-07-12 01:33:39', 33),
(14, 17, NULL, NULL, '2020-01-15', '2020-04-25', 'T', '22', '2020-07-12 01:39:40', '2020-07-12 01:39:54', 10),
(15, 17, NULL, NULL, '2020-01-15', '2020-04-25', 'T', '22', '2020-07-12 01:42:26', '2020-07-12 01:42:26', 26),
(16, 17, NULL, NULL, '2020-01-18', '2020-04-25', 'F', '-', '2020-07-12 01:43:55', '2020-07-12 01:43:55', 14),
(17, 17, NULL, NULL, '2020-01-22', '2020-04-27', 'T', '22', '2020-07-12 01:44:55', '2020-07-12 01:44:55', 10),
(18, 17, NULL, NULL, '2020-01-23', '2020-04-27', 'T', '22', '2020-07-12 01:54:47', '2020-07-12 01:54:47', 1),
(19, 17, NULL, NULL, '2020-01-17', '2020-04-25', 'F', '-', '2020-07-12 01:57:55', '2020-07-12 01:57:55', 20),
(20, 28, NULL, NULL, '2020-01-11', '2020-04-23', 'F', '-', '2020-07-12 02:00:57', '2020-07-12 02:00:57', 13),
(21, 28, NULL, NULL, '2020-02-12', '2020-04-28', 'F', '-', '2020-07-12 02:03:36', '2020-07-12 02:03:36', 13),
(22, 28, NULL, NULL, '2020-03-12', '2020-04-30', 'F', '-', '2020-07-12 02:04:19', '2020-07-12 02:04:19', 13),
(23, 29, NULL, NULL, '2020-02-18', '2020-04-30', 'F', '-', '2020-07-12 02:06:34', '2020-07-12 02:06:34', 12),
(24, 29, NULL, NULL, '2020-02-27', '2020-04-30', 'F', '-', '2020-07-12 02:07:23', '2020-07-12 02:07:23', 12);

-- --------------------------------------------------------

--
-- Table structure for table `nota_barangs`
--

CREATE TABLE `nota_barangs` (
  `id` bigint(20) UNSIGNED NOT NULL,
  `nota_id` bigint(20) UNSIGNED NOT NULL,
  `barang_id` bigint(20) UNSIGNED NOT NULL,
  `qty` int(11) NOT NULL,
  `created_at` timestamp NULL DEFAULT NULL,
  `updated_at` timestamp NULL DEFAULT NULL
) ENGINE=InnoDB DEFAULT CHARSET=utf8mb4 COLLATE=utf8mb4_unicode_ci;

--
-- Dumping data for table `nota_barangs`
--

INSERT INTO `nota_barangs` (`id`, `nota_id`, `barang_id`, `qty`, `created_at`, `updated_at`) VALUES
(1, 1, 220, 24, '2020-07-11 05:19:18', '2020-07-11 05:19:18'),
(2, 1, 219, 24, '2020-07-11 05:19:29', '2020-07-11 05:19:29'),
(3, 2, 149, 3, '2020-07-11 05:20:30', '2020-07-11 05:20:30'),
(4, 2, 162, 3, '2020-07-11 05:20:52', '2020-07-11 05:20:52'),
(5, 2, 159, 5, '2020-07-11 05:21:52', '2020-07-11 05:21:52'),
(6, 2, 150, 2, '2020-07-11 05:22:05', '2020-07-11 05:22:05'),
(7, 2, 151, 2, '2020-07-11 05:22:14', '2020-07-11 05:22:14'),
(8, 3, 205, 3, '2020-07-12 00:38:02', '2020-07-12 00:38:02'),
(9, 3, 206, 3, '2020-07-12 00:38:14', '2020-07-12 00:38:14'),
(10, 3, 207, 3, '2020-07-12 00:38:28', '2020-07-12 00:38:28'),
(11, 3, 208, 3, '2020-07-12 00:38:56', '2020-07-12 00:38:56'),
(12, 3, 204, 3, '2020-07-12 00:39:06', '2020-07-12 00:39:06'),
(13, 4, 233, 3, '2020-07-12 00:40:58', '2020-07-12 00:40:58'),
(14, 4, 234, 3, '2020-07-12 00:41:10', '2020-07-12 00:41:10'),
(15, 4, 237, 3, '2020-07-12 00:41:22', '2020-07-12 00:41:22'),
(16, 4, 241, 3, '2020-07-12 00:41:41', '2020-07-12 00:41:41'),
(17, 5, 226, 4, '2020-07-12 00:49:24', '2020-07-12 00:49:24'),
(18, 5, 227, 1, '2020-07-12 00:49:36', '2020-07-12 00:49:36'),
(19, 6, 199, 1, '2020-07-12 00:50:58', '2020-07-12 00:50:58'),
(20, 7, 160, 20, '2020-07-12 00:54:41', '2020-07-12 00:54:41'),
(21, 7, 161, 6, '2020-07-12 00:54:55', '2020-07-12 00:54:55'),
(22, 8, 231, 2, '2020-07-12 00:56:42', '2020-07-12 00:56:42'),
(23, 8, 227, 1, '2020-07-12 00:57:13', '2020-07-12 00:57:13'),
(24, 9, 40, 10, '2020-07-12 01:00:21', '2020-07-12 01:00:21'),
(25, 9, 41, 10, '2020-07-12 01:00:33', '2020-07-12 01:00:33'),
(26, 9, 39, 6, '2020-07-12 01:01:00', '2020-07-12 01:01:00'),
(27, 9, 42, 6, '2020-07-12 01:01:11', '2020-07-12 01:01:11'),
(28, 10, 7, 3, '2020-07-12 01:26:24', '2020-07-12 01:26:24'),
(29, 10, 8, 1, '2020-07-12 01:26:36', '2020-07-12 01:26:36'),
(30, 10, 4, 6, '2020-07-12 01:26:53', '2020-07-12 01:26:53'),
(31, 10, 9, 6, '2020-07-12 01:27:06', '2020-07-12 01:27:06'),
(32, 11, 15, 60, '2020-07-12 01:28:17', '2020-07-12 01:28:17'),
(33, 11, 17, 6, '2020-07-12 01:28:29', '2020-07-12 01:28:29'),
(34, 11, 19, 6, '2020-07-12 01:28:40', '2020-07-12 01:28:40'),
(35, 11, 16, 10, '2020-07-12 01:28:50', '2020-07-12 01:28:50'),
(36, 11, 18, 7, '2020-07-12 01:29:01', '2020-07-12 01:29:01'),
(37, 12, 209, 6, '2020-07-12 01:29:51', '2020-07-12 01:29:51'),
(38, 12, 211, 7, '2020-07-12 01:30:06', '2020-07-12 01:30:06'),
(39, 13, 297, 5, '2020-07-12 01:34:08', '2020-07-12 01:34:08'),
(40, 13, 294, 5, '2020-07-12 01:35:58', '2020-07-12 01:35:58'),
(41, 13, 296, 1, '2020-07-12 01:36:24', '2020-07-12 01:36:24'),
(42, 13, 295, 5, '2020-07-12 01:36:33', '2020-07-12 01:36:33'),
(43, 14, 50, 50, '2020-07-12 01:40:10', '2020-07-12 01:40:10'),
(44, 14, 51, 50, '2020-07-12 01:40:51', '2020-07-12 01:40:51'),
(45, 14, 52, 50, '2020-07-12 01:41:06', '2020-07-12 01:41:06'),
(46, 14, 49, 50, '2020-07-12 01:41:31', '2020-07-12 01:41:31'),
(47, 15, 229, 2, '2020-07-12 01:42:38', '2020-07-12 01:42:38'),
(48, 15, 230, 1, '2020-07-12 01:43:07', '2020-07-12 01:43:07'),
(49, 16, 154, 2, '2020-07-12 01:44:08', '2020-07-12 01:44:08'),
(50, 17, 50, 50, '2020-07-12 01:45:16', '2020-07-12 01:45:16'),
(51, 17, 51, 50, '2020-07-12 01:45:35', '2020-07-12 01:45:35'),
(52, 17, 52, 50, '2020-07-12 01:45:48', '2020-07-12 01:45:48'),
(53, 18, 5, 2, '2020-07-12 01:55:14', '2020-07-12 01:55:14'),
(54, 18, 6, 2, '2020-07-12 01:55:24', '2020-07-12 01:55:24'),
(55, 18, 3, 1, '2020-07-12 01:55:34', '2020-07-12 01:55:34'),
(57, 18, 2, 6, '2020-07-12 01:56:04', '2020-07-12 01:56:04'),
(58, 18, 1, 10, '2020-07-12 01:56:25', '2020-07-12 01:56:25'),
(59, 19, 200, 1, '2020-07-12 01:58:06', '2020-07-12 01:58:06'),
(60, 20, 147, 1, '2020-07-12 02:02:42', '2020-07-12 02:02:42'),
(61, 21, 146, 1, '2020-07-12 02:03:46', '2020-07-12 02:03:46'),
(62, 22, 148, 1, '2020-07-12 02:04:27', '2020-07-12 02:04:27'),
(63, 23, 140, 1, '2020-07-12 02:06:51', '2020-07-12 02:06:51'),
(64, 24, 141, 1, '2020-07-12 02:07:35', '2020-07-12 02:07:35');

-- --------------------------------------------------------

--
-- Table structure for table `password_resets`
--

CREATE TABLE `password_resets` (
  `email` varchar(255) COLLATE utf8mb4_unicode_ci NOT NULL,
  `token` varchar(255) COLLATE utf8mb4_unicode_ci NOT NULL,
  `created_at` timestamp NULL DEFAULT NULL
) ENGINE=InnoDB DEFAULT CHARSET=utf8mb4 COLLATE=utf8mb4_unicode_ci;

-- --------------------------------------------------------

--
-- Table structure for table `profils`
--

CREATE TABLE `profils` (
  `id` bigint(20) UNSIGNED NOT NULL,
  `profil_key` varchar(255) COLLATE utf8mb4_unicode_ci NOT NULL,
  `profil_value` varchar(255) COLLATE utf8mb4_unicode_ci NOT NULL,
  `created_at` timestamp NULL DEFAULT NULL,
  `updated_at` timestamp NULL DEFAULT NULL
) ENGINE=InnoDB DEFAULT CHARSET=utf8mb4 COLLATE=utf8mb4_unicode_ci;

--
-- Dumping data for table `profils`
--

INSERT INTO `profils` (`id`, `profil_key`, `profil_value`, `created_at`, `updated_at`) VALUES
(1, 'NPSN', '10815146', '2020-07-11 04:42:58', '2020-07-11 04:42:58'),
(2, 'Nama', 'SMK Pelita Gedongtataan', '2020-07-11 04:42:58', '2020-07-11 04:42:58'),
(3, 'Telp', '0721-94092', '2020-07-11 04:42:58', '2020-07-11 04:42:58'),
(4, 'Email', 'smkpelitasmk@yahoo.com', '2020-07-11 04:42:58', '2020-07-11 04:42:58'),
(5, 'Alamat', 'Jalan Raya Penengahan No. 04', '2020-07-11 04:42:58', '2020-07-11 04:42:58'),
(6, 'Provinsi', 'Lampung', '2020-07-11 04:42:58', '2020-07-11 04:42:58'),
(7, 'Kabupaten', 'Pesawaran', '2020-07-11 04:42:58', '2020-07-11 04:42:58'),
(8, 'Desa', 'Gedongtataan', '2020-07-11 04:42:58', '2020-07-11 04:42:58'),
(9, 'Kepala Sekolah', 'AUNURROFIQ M., S.Sos., M.M.', '2020-07-11 04:42:58', '2020-07-11 04:42:58'),
(10, 'Komite Sekolah', 'Dra. INDRAWATI', '2020-07-11 04:42:58', '2020-07-11 04:42:58'),
(11, 'Bendahara Sekolah', 'APRIDAYANTI., A.Mk.', '2020-07-11 04:42:58', '2020-07-11 04:42:58'),
(12, 'Bendahara BOS', 'THOHIR ZAIN', '2020-07-11 04:42:58', '2020-07-11 04:42:58'),
(13, 'Ketua Pelaksana', 'AZWAR AMIN', '2020-07-11 04:42:58', '2020-07-11 04:42:58');

-- --------------------------------------------------------

--
-- Table structure for table `saldos`
--

CREATE TABLE `saldos` (
  `id` bigint(20) UNSIGNED NOT NULL,
  `tahap_id` bigint(20) UNSIGNED NOT NULL,
  `tanggal` date NOT NULL,
  `saldo` int(11) NOT NULL,
  `ket` text COLLATE utf8mb4_unicode_ci NOT NULL,
  `created_at` timestamp NULL DEFAULT NULL,
  `updated_at` timestamp NULL DEFAULT NULL
) ENGINE=InnoDB DEFAULT CHARSET=utf8mb4 COLLATE=utf8mb4_unicode_ci;

--
-- Dumping data for table `saldos`
--

INSERT INTO `saldos` (`id`, `tahap_id`, `tanggal`, `saldo`, `ket`, `created_at`, `updated_at`) VALUES
(1, 1, '2020-01-01', 0, 'Saldo Kas Bulan Januari', '2020-07-11 04:42:58', '2020-07-11 04:42:58'),
(2, 1, '2020-02-01', 0, 'Saldo Kas Bulan Februari', '2020-07-11 04:42:58', '2020-07-11 04:42:58'),
(3, 1, '2020-03-01', 0, 'Saldo Kas Bulan Maret', '2020-07-11 04:42:58', '2020-07-11 04:42:58'),
(4, 1, '2020-04-01', 0, 'Saldo Kas Bulan April', '2020-07-11 04:42:58', '2020-07-11 04:42:58');

-- --------------------------------------------------------

--
-- Table structure for table `sub_komponens`
--

CREATE TABLE `sub_komponens` (
  `id` bigint(20) UNSIGNED NOT NULL,
  `komponen_id` bigint(20) UNSIGNED NOT NULL,
  `kode_1` varchar(255) COLLATE utf8mb4_unicode_ci NOT NULL,
  `kode_2` varchar(255) COLLATE utf8mb4_unicode_ci DEFAULT NULL,
  `kode_3` varchar(255) COLLATE utf8mb4_unicode_ci DEFAULT NULL,
  `sub_komponen` varchar(255) COLLATE utf8mb4_unicode_ci NOT NULL,
  `created_at` timestamp NULL DEFAULT NULL,
  `updated_at` timestamp NULL DEFAULT NULL
) ENGINE=InnoDB DEFAULT CHARSET=utf8mb4 COLLATE=utf8mb4_unicode_ci;

--
-- Dumping data for table `sub_komponens`
--

INSERT INTO `sub_komponens` (`id`, `komponen_id`, `kode_1`, `kode_2`, `kode_3`, `sub_komponen`, `created_at`, `updated_at`) VALUES
(1, 1, 'a', '', '', 'Penyediaan Buku Teks Utama', '2020-07-11 04:42:58', '2020-07-11 04:42:58'),
(2, 1, 'a', '1', '', 'Pemb Buku Disesuaikan Kurikulum ( K - 2013 )', '2020-07-11 04:42:58', '2020-07-11 04:42:58'),
(3, 1, 'a', '2', '', 'Pemb Buku Memenuhi Rasio 1 Buku setiap mapel', '2020-07-11 04:42:58', '2020-07-11 04:42:58'),
(4, 1, 'a', '3', '', 'Memenuhi Kebt Buku Untuk Guru pada setiap mapel', '2020-07-11 04:42:58', '2020-07-11 04:42:58'),
(5, 1, 'a', '4', '', 'Buku telah dinilai Kemendiknas dan Pegangan KBM', '2020-07-11 04:42:58', '2020-07-11 04:42:58'),
(6, 1, 'b', '', '', 'Penyediaan Buku Teks Pendamping', '2020-07-11 04:42:58', '2020-07-11 04:42:58'),
(7, 1, 'c', '', '', 'Penyediaan Buku Non Tekhnis', '2020-07-11 04:42:58', '2020-07-11 04:42:58'),
(8, 1, 'd', '', '', 'Pembiayaan Lain Relevan Pengembangan Perpustakaan (Peng Perustakaan, Pemeliharaan,Perabot ,Ac Dll)', '2020-07-11 04:42:58', '2020-07-11 04:42:58'),
(9, 2, 'a', NULL, NULL, 'Pengandaan Formulir, Publikasi Dan Pengumuman PPDB', '2020-07-11 05:03:06', '2020-07-11 05:03:06'),
(10, 2, 'b', NULL, NULL, 'Biaya Layanan PPDB Dan Jaringan', '2020-07-11 05:03:23', '2020-07-11 05:03:23'),
(11, 2, 'c', NULL, NULL, 'Biaya kegiatan Pengenalan Lingkungan Sekolah', '2020-07-11 05:03:34', '2020-07-11 05:03:34'),
(12, 2, 'd', NULL, NULL, 'Biaya Penentuan Peminatan, Tes Bakat / Potensi', '2020-07-11 05:04:01', '2020-07-11 05:04:01'),
(13, 2, 'e', NULL, NULL, 'Biaya Pendataan Ulang Bagi Peserta Didik Lama', '2020-07-11 05:04:12', '2020-07-11 05:04:12'),
(14, 2, 'f', NULL, NULL, 'Biaya PPDB ( ATK ), Konsum Dan relevan', '2020-07-11 05:04:25', '2020-07-11 05:04:25'),
(15, 3, 'a', NULL, NULL, 'Kegiatan Pembelajaran', '2020-07-11 05:04:58', '2020-07-11 05:04:58'),
(16, 3, 'a', '1', NULL, 'Pengadaan Alat Habis pakai', '2020-07-11 05:05:11', '2020-07-11 05:05:11'),
(17, 3, 'a', '2', NULL, 'Pembelian Bahan Habis Pakai', '2020-07-11 05:05:26', '2020-07-11 05:05:26'),
(18, 3, 'a', '3', NULL, 'Pembiayaan U/ Kegiatan Pembelajaran Intrakurikuler', '2020-07-11 05:05:41', '2020-07-11 05:05:41'),
(19, 3, 'a', '3', 'i', 'Remedial / Pengayaan', '2020-07-11 05:06:04', '2020-07-11 05:06:04'),
(20, 3, 'a', '3', 'ii', 'Pemantapan Ujian Nasional', '2020-07-11 05:06:22', '2020-07-11 05:06:22'),
(21, 3, 'a', '3', 'iii', 'Pelaksanaan Try Out', '2020-07-11 05:06:44', '2020-07-11 05:06:44'),
(22, 3, 'a', '4', NULL, 'Biaya Mengemb Media Pembljran ( Buku ElrktroniK )', '2020-07-11 05:06:59', '2020-07-11 05:06:59'),
(23, 3, 'a', '5', NULL, 'Pemb / Langganan Buku Digital atau Aplikasi Pmbljran', '2020-07-11 05:07:18', '2020-07-11 05:07:18'),
(24, 3, 'a', '6', NULL, 'Pemb Perangkat Lunak / Peranti asli dlm Pembelajaran', '2020-07-11 05:07:30', '2020-07-11 05:07:30'),
(25, 3, 'a', '8', NULL, 'Pengemb Keg Pembelajran lain Yang Relevan', '2020-07-11 05:07:54', '2020-07-11 05:08:20'),
(26, 3, 'a', '7', NULL, 'Pengemb Kegiatan Literasi, Karakter , Sekolah Sehat', '2020-07-11 05:08:40', '2020-07-11 05:08:40'),
(27, 3, 'b', NULL, NULL, 'Pembiayaan Keg Pembinaan Siswa Ekstrakurikuler', '2020-07-11 05:09:12', '2020-07-11 05:09:12'),
(28, 3, 'b', '1', NULL, 'Peny Keg Eskul yang sesuai dg Kebutuhan Sekolah', '2020-07-11 05:09:26', '2020-07-11 05:09:26'),
(29, 3, 'b', '2', NULL, 'Pembiayaan Mengikuti Kegiatan Lomba didalam Negeri', '2020-07-11 05:09:40', '2020-07-11 05:09:40'),
(30, 3, 'b', '3', NULL, 'Pembiayaan Relevan dl menunjang Keg Eskul', '2020-07-11 05:09:54', '2020-07-11 05:09:54'),
(31, 4, 'a', NULL, NULL, 'Pembiayaan Penyelenggaraan Ujian', '2020-07-11 05:11:09', '2020-07-11 05:11:09'),
(32, 4, 'b', NULL, NULL, 'Pembiayaan Yang Relevan Keg Evaluasi Pembelajaaran', '2020-07-11 05:11:21', '2020-07-11 05:11:21');

-- --------------------------------------------------------

--
-- Table structure for table `tahaps`
--

CREATE TABLE `tahaps` (
  `id` bigint(20) UNSIGNED NOT NULL,
  `tahun_id` bigint(20) UNSIGNED NOT NULL,
  `tahap` varchar(255) COLLATE utf8mb4_unicode_ci NOT NULL,
  `created_at` timestamp NULL DEFAULT NULL,
  `updated_at` timestamp NULL DEFAULT NULL
) ENGINE=InnoDB DEFAULT CHARSET=utf8mb4 COLLATE=utf8mb4_unicode_ci;

--
-- Dumping data for table `tahaps`
--

INSERT INTO `tahaps` (`id`, `tahun_id`, `tahap`, `created_at`, `updated_at`) VALUES
(1, 2, 'Tahap 1', '2020-07-11 04:42:58', '2020-07-11 04:42:58'),
(2, 2, 'Tahap 2', '2020-07-11 04:42:58', '2020-07-11 04:42:58'),
(3, 2, 'Tahap 3', '2020-07-11 04:42:58', '2020-07-11 04:42:58'),
(4, 2, 'Tahap 4', '2020-07-11 04:42:58', '2020-07-11 04:42:58');

-- --------------------------------------------------------

--
-- Table structure for table `tahuns`
--

CREATE TABLE `tahuns` (
  `id` bigint(20) UNSIGNED NOT NULL,
  `tahun` varchar(255) COLLATE utf8mb4_unicode_ci NOT NULL,
  `created_at` timestamp NULL DEFAULT NULL,
  `updated_at` timestamp NULL DEFAULT NULL
) ENGINE=InnoDB DEFAULT CHARSET=utf8mb4 COLLATE=utf8mb4_unicode_ci;

--
-- Dumping data for table `tahuns`
--

INSERT INTO `tahuns` (`id`, `tahun`, `created_at`, `updated_at`) VALUES
(1, '2019', '2020-07-11 04:42:58', '2020-07-11 04:42:58'),
(2, '2020', '2020-07-11 04:42:58', '2020-07-11 04:42:58'),
(3, '2021', '2020-07-11 04:42:58', '2020-07-11 04:42:58'),
(4, '2022', '2020-07-11 04:42:58', '2020-07-11 04:42:58');

-- --------------------------------------------------------

--
-- Table structure for table `tokos`
--

CREATE TABLE `tokos` (
  `id` bigint(20) UNSIGNED NOT NULL,
  `toko` varchar(255) COLLATE utf8mb4_unicode_ci NOT NULL,
  `jenis` varchar(255) COLLATE utf8mb4_unicode_ci NOT NULL,
  `created_at` timestamp NULL DEFAULT NULL,
  `updated_at` timestamp NULL DEFAULT NULL
) ENGINE=InnoDB DEFAULT CHARSET=utf8mb4 COLLATE=utf8mb4_unicode_ci;

--
-- Dumping data for table `tokos`
--

INSERT INTO `tokos` (`id`, `toko`, `jenis`, `created_at`, `updated_at`) VALUES
(1, 'Animo', 'ATK', '2020-07-11 04:44:20', '2020-07-11 04:44:20'),
(2, 'SKE', 'Apotik', '2020-07-11 04:44:20', '2020-07-11 04:44:20'),
(3, 'Tartok', 'Apotik', '2020-07-11 04:44:20', '2020-07-11 04:44:20'),
(4, 'D j', 'ATK', '2020-07-11 04:44:20', '2020-07-11 04:44:20'),
(5, 'Hapifi', 'ATK', '2020-07-11 04:44:20', '2020-07-11 04:44:20'),
(6, 'Klawu', 'ATK', '2020-07-11 04:44:20', '2020-07-11 04:44:20'),
(7, 'Lucky', 'ATK', '2020-07-11 04:44:20', '2020-07-11 04:44:20'),
(8, 'Maju Jaya', 'ATK', '2020-07-11 04:44:20', '2020-07-11 04:44:20'),
(9, 'Sindoro', 'ATK', '2020-07-11 04:44:20', '2020-07-11 04:44:20'),
(10, 'Tata.s (Yusuf Teores)', 'ATK', '2020-07-11 04:44:20', '2020-07-11 04:44:20'),
(11, 'Tunas.J / Fery', 'ATK', '2020-07-11 04:44:20', '2020-07-11 04:44:20'),
(12, 'Harto', 'Ekskul', '2020-07-11 04:44:20', '2020-07-11 04:44:20'),
(13, 'Megi', 'Ekskul', '2020-07-11 04:44:20', '2020-07-11 04:44:20'),
(14, 'Hanif', 'Elektronik', '2020-07-11 04:44:20', '2020-07-11 04:44:20'),
(15, 'Safira / Riyanto', 'Fotocopy', '2020-07-11 04:44:20', '2020-07-11 04:44:20'),
(16, 'B.Las Anto', 'Jasa', '2020-07-11 04:44:20', '2020-07-11 04:44:20'),
(17, 'Mat Saleh', 'Jasa', '2020-07-11 04:44:20', '2020-07-11 04:44:20'),
(18, 'Rudi K', 'Jasa', '2020-07-11 04:44:20', '2020-07-11 04:44:20'),
(19, 'Suparno', 'Jasa', '2020-07-11 04:44:20', '2020-07-11 04:44:20'),
(20, 'Suratman', 'Jasa', '2020-07-11 04:44:20', '2020-07-11 04:44:20'),
(21, 'Sutarno', 'Jasa', '2020-07-11 04:44:20', '2020-07-11 04:44:20'),
(22, 'Sutikno', 'Jasa', '2020-07-11 04:44:20', '2020-07-11 04:44:20'),
(23, 'Watam', 'Jasa', '2020-07-11 04:44:20', '2020-07-11 04:44:20'),
(24, 'BLC', 'Komputer', '2020-07-11 04:44:20', '2020-07-11 04:44:20'),
(25, 'Dunia', 'Komputer', '2020-07-11 04:44:20', '2020-07-11 04:44:20'),
(26, 'J S. Kom', 'Komputer', '2020-07-11 04:44:20', '2020-07-11 04:44:20'),
(27, 'Sentra', 'Komputer', '2020-07-11 04:44:20', '2020-07-11 04:44:20'),
(28, 'BJE', 'P3K', '2020-07-11 04:44:20', '2020-07-11 04:44:20'),
(29, 'Global Print', 'Percetakan', '2020-07-11 04:44:20', '2020-07-11 04:44:20'),
(30, 'H. Agus Kholik', 'Prakerin', '2020-07-11 04:44:20', '2020-07-11 04:44:20'),
(31, 'Intan', 'Rumah Makan', '2020-07-11 04:44:20', '2020-07-11 04:44:20'),
(32, 'Aprida', 'Sekolah', '2020-07-11 04:44:20', '2020-07-11 04:44:20'),
(33, 'Matahari (Linawati)', 'Sport', '2020-07-11 04:44:20', '2020-07-11 04:44:20'),
(34, 'Asri', 'Tanaman Hias', '2020-07-11 04:44:20', '2020-07-11 04:44:20'),
(35, 'Nazaret', 'Toko', '2020-07-11 04:44:20', '2020-07-11 04:44:20'),
(36, 'Nouval', 'Toko', '2020-07-11 04:44:20', '2020-07-11 04:44:20'),
(37, 'Perc. Nanda (Supriyanto)', 'Toko', '2020-07-11 04:44:20', '2020-07-11 04:44:20'),
(38, 'Ratna', 'Toko', '2020-07-11 04:44:20', '2020-07-11 04:44:20'),
(39, 'Wawan', 'Toko', '2020-07-11 04:44:20', '2020-07-11 04:44:20'),
(40, 'Ziana', 'Toko', '2020-07-11 04:44:20', '2020-07-11 04:44:20'),
(41, 'Zulkarnaen', 'Toko', '2020-07-11 04:44:20', '2020-07-11 04:44:20'),
(42, 'DLH', 'Jasa', '2020-07-11 04:58:39', '2020-07-11 04:58:39'),
(43, 'Ery Nugroho', 'Ekskul', '2020-07-11 04:59:14', '2020-07-11 04:59:14'),
(44, 'Teknokrat', 'Universitas', '2020-07-11 04:59:34', '2020-07-11 04:59:34');

-- --------------------------------------------------------

--
-- Table structure for table `users`
--

CREATE TABLE `users` (
  `id` bigint(20) UNSIGNED NOT NULL,
  `name` varchar(255) COLLATE utf8mb4_unicode_ci NOT NULL,
  `email` varchar(255) COLLATE utf8mb4_unicode_ci NOT NULL,
  `email_verified_at` timestamp NULL DEFAULT NULL,
  `password` varchar(255) COLLATE utf8mb4_unicode_ci NOT NULL,
  `remember_token` varchar(100) COLLATE utf8mb4_unicode_ci DEFAULT NULL,
  `created_at` timestamp NULL DEFAULT NULL,
  `updated_at` timestamp NULL DEFAULT NULL
) ENGINE=InnoDB DEFAULT CHARSET=utf8mb4 COLLATE=utf8mb4_unicode_ci;

--
-- Dumping data for table `users`
--

INSERT INTO `users` (`id`, `name`, `email`, `email_verified_at`, `password`, `remember_token`, `created_at`, `updated_at`) VALUES
(1, 'Admin', 'admin@smkpelitapesawaran.sch.id', NULL, '$2y$10$zruDK/gNJyZiziIh4H81V.nYdRKLqKwTQs6Y/cziPGJ6/vqAIfTAO', NULL, '2020-07-11 04:42:58', '2020-07-11 04:42:58'),
(2, 'Azwar Amin', 'azwar@smkpelitapesawaran.sch.id', NULL, '$2y$10$YeRtxhPbUeFBQ61b1dMq0.2GF0OmllwH9UajLCvikkYF0H.9Jm1Oy', NULL, '2020-07-11 04:42:58', '2020-07-11 04:42:58'),
(3, 'Tohir Zain', 'tohir@smkpelitapesawaran.sch.id', NULL, '$2y$10$E4Z7KH/FeNSJgYDNpWZpneky07e355r8JqZBT6O.NTM0qDO8Ta1Y6', NULL, '2020-07-11 04:42:58', '2020-07-11 04:42:58');

--
-- Indexes for dumped tables
--

--
-- Indexes for table `barangs`
--
ALTER TABLE `barangs`
  ADD PRIMARY KEY (`id`),
  ADD KEY `barangs_tahap_id_foreign` (`tahap_id`),
  ADD KEY `barangs_toko_id_foreign` (`toko_id`);

--
-- Indexes for table `b_k_u_s`
--
ALTER TABLE `b_k_u_s`
  ADD PRIMARY KEY (`id`),
  ADD KEY `b_k_u_s_nota_id_foreign` (`nota_id`);

--
-- Indexes for table `danas`
--
ALTER TABLE `danas`
  ADD PRIMARY KEY (`id`),
  ADD KEY `danas_tahap_id_foreign` (`tahap_id`);

--
-- Indexes for table `failed_jobs`
--
ALTER TABLE `failed_jobs`
  ADD PRIMARY KEY (`id`);

--
-- Indexes for table `histories`
--
ALTER TABLE `histories`
  ADD PRIMARY KEY (`id`);

--
-- Indexes for table `komponens`
--
ALTER TABLE `komponens`
  ADD PRIMARY KEY (`id`),
  ADD KEY `komponens_tahap_id_foreign` (`tahap_id`);

--
-- Indexes for table `metas`
--
ALTER TABLE `metas`
  ADD PRIMARY KEY (`id`),
  ADD KEY `metas_tahap_id_foreign` (`tahap_id`);

--
-- Indexes for table `migrations`
--
ALTER TABLE `migrations`
  ADD PRIMARY KEY (`id`);

--
-- Indexes for table `notas`
--
ALTER TABLE `notas`
  ADD PRIMARY KEY (`id`),
  ADD KEY `notas_sub_komponen_id_foreign` (`sub_komponen_id`),
  ADD KEY `notas_toko_id_foreign` (`toko_id`);

--
-- Indexes for table `nota_barangs`
--
ALTER TABLE `nota_barangs`
  ADD PRIMARY KEY (`id`),
  ADD KEY `nota_barangs_nota_id_foreign` (`nota_id`),
  ADD KEY `nota_barangs_barang_id_foreign` (`barang_id`);

--
-- Indexes for table `password_resets`
--
ALTER TABLE `password_resets`
  ADD KEY `password_resets_email_index` (`email`);

--
-- Indexes for table `profils`
--
ALTER TABLE `profils`
  ADD PRIMARY KEY (`id`);

--
-- Indexes for table `saldos`
--
ALTER TABLE `saldos`
  ADD PRIMARY KEY (`id`),
  ADD KEY `saldos_tahap_id_foreign` (`tahap_id`);

--
-- Indexes for table `sub_komponens`
--
ALTER TABLE `sub_komponens`
  ADD PRIMARY KEY (`id`),
  ADD KEY `sub_komponens_komponen_id_foreign` (`komponen_id`);

--
-- Indexes for table `tahaps`
--
ALTER TABLE `tahaps`
  ADD PRIMARY KEY (`id`),
  ADD KEY `tahaps_tahun_id_foreign` (`tahun_id`);

--
-- Indexes for table `tahuns`
--
ALTER TABLE `tahuns`
  ADD PRIMARY KEY (`id`);

--
-- Indexes for table `tokos`
--
ALTER TABLE `tokos`
  ADD PRIMARY KEY (`id`);

--
-- Indexes for table `users`
--
ALTER TABLE `users`
  ADD PRIMARY KEY (`id`),
  ADD UNIQUE KEY `users_email_unique` (`email`);

--
-- AUTO_INCREMENT for dumped tables
--

--
-- AUTO_INCREMENT for table `barangs`
--
ALTER TABLE `barangs`
  MODIFY `id` bigint(20) UNSIGNED NOT NULL AUTO_INCREMENT, AUTO_INCREMENT=356;

--
-- AUTO_INCREMENT for table `b_k_u_s`
--
ALTER TABLE `b_k_u_s`
  MODIFY `id` bigint(20) UNSIGNED NOT NULL AUTO_INCREMENT, AUTO_INCREMENT=25;

--
-- AUTO_INCREMENT for table `danas`
--
ALTER TABLE `danas`
  MODIFY `id` bigint(20) UNSIGNED NOT NULL AUTO_INCREMENT, AUTO_INCREMENT=4;

--
-- AUTO_INCREMENT for table `failed_jobs`
--
ALTER TABLE `failed_jobs`
  MODIFY `id` bigint(20) UNSIGNED NOT NULL AUTO_INCREMENT;

--
-- AUTO_INCREMENT for table `histories`
--
ALTER TABLE `histories`
  MODIFY `id` bigint(20) UNSIGNED NOT NULL AUTO_INCREMENT, AUTO_INCREMENT=125;

--
-- AUTO_INCREMENT for table `komponens`
--
ALTER TABLE `komponens`
  MODIFY `id` bigint(20) UNSIGNED NOT NULL AUTO_INCREMENT, AUTO_INCREMENT=13;

--
-- AUTO_INCREMENT for table `metas`
--
ALTER TABLE `metas`
  MODIFY `id` bigint(20) UNSIGNED NOT NULL AUTO_INCREMENT, AUTO_INCREMENT=17;

--
-- AUTO_INCREMENT for table `migrations`
--
ALTER TABLE `migrations`
  MODIFY `id` int(10) UNSIGNED NOT NULL AUTO_INCREMENT, AUTO_INCREMENT=21;

--
-- AUTO_INCREMENT for table `notas`
--
ALTER TABLE `notas`
  MODIFY `id` bigint(20) UNSIGNED NOT NULL AUTO_INCREMENT, AUTO_INCREMENT=25;

--
-- AUTO_INCREMENT for table `nota_barangs`
--
ALTER TABLE `nota_barangs`
  MODIFY `id` bigint(20) UNSIGNED NOT NULL AUTO_INCREMENT, AUTO_INCREMENT=65;

--
-- AUTO_INCREMENT for table `profils`
--
ALTER TABLE `profils`
  MODIFY `id` bigint(20) UNSIGNED NOT NULL AUTO_INCREMENT, AUTO_INCREMENT=14;

--
-- AUTO_INCREMENT for table `saldos`
--
ALTER TABLE `saldos`
  MODIFY `id` bigint(20) UNSIGNED NOT NULL AUTO_INCREMENT, AUTO_INCREMENT=5;

--
-- AUTO_INCREMENT for table `sub_komponens`
--
ALTER TABLE `sub_komponens`
  MODIFY `id` bigint(20) UNSIGNED NOT NULL AUTO_INCREMENT, AUTO_INCREMENT=33;

--
-- AUTO_INCREMENT for table `tahaps`
--
ALTER TABLE `tahaps`
  MODIFY `id` bigint(20) UNSIGNED NOT NULL AUTO_INCREMENT, AUTO_INCREMENT=5;

--
-- AUTO_INCREMENT for table `tahuns`
--
ALTER TABLE `tahuns`
  MODIFY `id` bigint(20) UNSIGNED NOT NULL AUTO_INCREMENT, AUTO_INCREMENT=5;

--
-- AUTO_INCREMENT for table `tokos`
--
ALTER TABLE `tokos`
  MODIFY `id` bigint(20) UNSIGNED NOT NULL AUTO_INCREMENT, AUTO_INCREMENT=45;

--
-- AUTO_INCREMENT for table `users`
--
ALTER TABLE `users`
  MODIFY `id` bigint(20) UNSIGNED NOT NULL AUTO_INCREMENT, AUTO_INCREMENT=4;

--
-- Constraints for dumped tables
--

--
-- Constraints for table `barangs`
--
ALTER TABLE `barangs`
  ADD CONSTRAINT `barangs_tahap_id_foreign` FOREIGN KEY (`tahap_id`) REFERENCES `tahaps` (`id`) ON DELETE CASCADE,
  ADD CONSTRAINT `barangs_toko_id_foreign` FOREIGN KEY (`toko_id`) REFERENCES `tokos` (`id`) ON DELETE CASCADE;

--
-- Constraints for table `b_k_u_s`
--
ALTER TABLE `b_k_u_s`
  ADD CONSTRAINT `b_k_u_s_nota_id_foreign` FOREIGN KEY (`nota_id`) REFERENCES `notas` (`id`) ON DELETE CASCADE;

--
-- Constraints for table `danas`
--
ALTER TABLE `danas`
  ADD CONSTRAINT `danas_tahap_id_foreign` FOREIGN KEY (`tahap_id`) REFERENCES `tahaps` (`id`) ON DELETE CASCADE;

--
-- Constraints for table `komponens`
--
ALTER TABLE `komponens`
  ADD CONSTRAINT `komponens_tahap_id_foreign` FOREIGN KEY (`tahap_id`) REFERENCES `tahaps` (`id`) ON DELETE CASCADE;

--
-- Constraints for table `metas`
--
ALTER TABLE `metas`
  ADD CONSTRAINT `metas_tahap_id_foreign` FOREIGN KEY (`tahap_id`) REFERENCES `tahaps` (`id`) ON DELETE CASCADE;

--
-- Constraints for table `notas`
--
ALTER TABLE `notas`
  ADD CONSTRAINT `notas_sub_komponen_id_foreign` FOREIGN KEY (`sub_komponen_id`) REFERENCES `sub_komponens` (`id`) ON DELETE CASCADE,
  ADD CONSTRAINT `notas_toko_id_foreign` FOREIGN KEY (`toko_id`) REFERENCES `tokos` (`id`) ON DELETE CASCADE;

--
-- Constraints for table `nota_barangs`
--
ALTER TABLE `nota_barangs`
  ADD CONSTRAINT `nota_barangs_barang_id_foreign` FOREIGN KEY (`barang_id`) REFERENCES `barangs` (`id`) ON DELETE CASCADE,
  ADD CONSTRAINT `nota_barangs_nota_id_foreign` FOREIGN KEY (`nota_id`) REFERENCES `notas` (`id`) ON DELETE CASCADE;

--
-- Constraints for table `saldos`
--
ALTER TABLE `saldos`
  ADD CONSTRAINT `saldos_tahap_id_foreign` FOREIGN KEY (`tahap_id`) REFERENCES `tahaps` (`id`) ON DELETE CASCADE;

--
-- Constraints for table `sub_komponens`
--
ALTER TABLE `sub_komponens`
  ADD CONSTRAINT `sub_komponens_komponen_id_foreign` FOREIGN KEY (`komponen_id`) REFERENCES `komponens` (`id`) ON DELETE CASCADE;

--
-- Constraints for table `tahaps`
--
ALTER TABLE `tahaps`
  ADD CONSTRAINT `tahaps_tahun_id_foreign` FOREIGN KEY (`tahun_id`) REFERENCES `tahuns` (`id`) ON DELETE CASCADE;
COMMIT;

/*!40101 SET CHARACTER_SET_CLIENT=@OLD_CHARACTER_SET_CLIENT */;
/*!40101 SET CHARACTER_SET_RESULTS=@OLD_CHARACTER_SET_RESULTS */;
/*!40101 SET COLLATION_CONNECTION=@OLD_COLLATION_CONNECTION */;
